Age,Contract,Gender,Payment Method,Churn,Monthly Charge,Tenure in Months,Avg Monthly GB Download,Avg Monthly Long Distance Charges,Number of Dependents
39,One Year,Female,Bank Withdrawal,0,69.45,7,29,18.91,3
75,Month-to-Month,Male,Bank Withdrawal,0,105.7,30,22,33.48,0
67,Two Year,Female,Bank Withdrawal,0,109.7,71,14,9.96,0
47,Month-to-Month,Male,Mailed Check,0,68.95,9,7,34.64,0
21,One Year,Female,Bank Withdrawal,0,20.2,25,0,10.49,0
23,Two Year,Female,Bank Withdrawal,0,64.1,68,53,8.62,0
60,Month-to-Month,Female,Bank Withdrawal,0,94.75,59,14,16.39,0
33,Month-to-Month,Female,Bank Withdrawal,0,65.8,25,10,1.22,0
42,Month-to-Month,Female,Credit Card,0,29.9,1,24,0,0
54,Month-to-Month,Female,Bank Withdrawal,1,83.6,5,23,7,0
37,Two Year,Female,Bank Withdrawal,0,86.6,72,13,8.29,0
25,One Year,Male,Credit Card,0,70.9,29,47,28.83,0
35,Two Year,Male,Bank Withdrawal,0,73.9,53,4,6.54,0
43,Month-to-Month,Female,Bank Withdrawal,1,71.35,1,13,40.4,0
45,Month-to-Month,Female,Credit Card,0,56.35,24,4,30.18,0
47,Month-to-Month,Male,Credit Card,0,34.2,7,17,0,0
45,Month-to-Month,Female,Credit Card,0,44.8,5,19,35.6,2
74,Two Year,Female,Credit Card,0,89.45,71,27,16.26,0
63,Two Year,Female,Mailed Check,0,25,60,0,39.41,0
40,Month-to-Month,Male,Bank Withdrawal,0,44.8,1,26,27.46,0
20,Month-to-Month,Female,Bank Withdrawal,1,85.8,3,73,10.6,0
65,One Year,Female,Bank Withdrawal,0,90.25,43,26,12.58,0
80,Two Year,Female,Bank Withdrawal,0,99.9,56,16,17.33,0
57,Month-to-Month,Male,Mailed Check,0,107.95,3,22,47.5,0
30,Month-to-Month,Male,Credit Card,0,108.45,45,73,5.97,0
58,One Year,Female,Bank Withdrawal,0,96.75,45,30,1.57,0
71,Month-to-Month,Male,Bank Withdrawal,1,95.35,10,14,41.37,0
56,Month-to-Month,Male,Credit Card,1,69.8,2,27,37.72,0
40,One Year,Female,Credit Card,0,54.45,36,21,25.95,0
36,Month-to-Month,Female,Bank Withdrawal,1,35.1,2,12,0,0
37,Month-to-Month,Female,Credit Card,0,92.7,17,19,49.78,2
27,Month-to-Month,Female,Credit Card,0,44.55,1,82,23.04,0
49,Month-to-Month,Male,Credit Card,0,20.75,1,0,36.28,0
44,One Year,Female,Credit Card,0,20.05,23,0,17.82,0
42,Month-to-Month,Female,Bank Withdrawal,1,48.75,13,8,0,0
40,Month-to-Month,Male,Bank Withdrawal,0,93.25,71,7,26.56,0
68,Month-to-Month,Female,Bank Withdrawal,1,46,4,52,42.13,3
21,One Year,Female,Bank Withdrawal,0,101.6,41,82,14.73,1
55,Month-to-Month,Male,Bank Withdrawal,1,50.9,4,57,8.58,3
71,Month-to-Month,Male,Bank Withdrawal,1,78.85,24,22,2.05,0
56,Month-to-Month,Female,Mailed Check,0,100.85,49,10,44.81,0
20,Two Year,Female,Credit Card,0,110.15,72,85,23.7,0
34,Month-to-Month,Male,Bank Withdrawal,0,48.95,29,25,10.06,0
28,One Year,Male,Credit Card,0,35.5,7,48,0,0
52,Two Year,Female,Bank Withdrawal,0,25.05,15,0,40.97,0
39,One Year,Male,Bank Withdrawal,1,89.75,65,16,49.33,0
22,Two Year,Female,Credit Card,0,85.3,47,52,29.15,0
53,Month-to-Month,Male,Bank Withdrawal,0,35.75,10,22,0,0
29,Two Year,Male,Bank Withdrawal,0,115.15,72,58,35.71,0
74,Month-to-Month,Male,Bank Withdrawal,1,95.6,7,11,21.91,0
62,One Year,Male,Bank Withdrawal,0,97.1,42,23,13.23,0
79,Month-to-Month,Female,Bank Withdrawal,1,103.3,28,10,28.14,0
56,Month-to-Month,Male,Credit Card,0,19.9,2,0,3.82,0
21,Month-to-Month,Female,Credit Card,0,51.55,2,27,18.61,1
30,Two Year,Male,Credit Card,0,73.35,71,59,16.24,0
40,Month-to-Month,Male,Bank Withdrawal,1,49.35,4,27,26.04,1
34,One Year,Male,Bank Withdrawal,0,19.1,51,0,29.33,0
19,Month-to-Month,Male,Bank Withdrawal,0,83.55,30,48,10.24,1
41,Two Year,Female,Mailed Check,0,29.6,10,29,0,0
55,Two Year,Female,Credit Card,0,23.85,71,0,21.19,0
46,Month-to-Month,Male,Credit Card,0,88.65,31,12,29.77,0
27,One Year,Male,Credit Card,1,53.65,12,26,27.82,0
44,One Year,Female,Bank Withdrawal,0,19.25,36,0,49.85,0
38,Month-to-Month,Male,Credit Card,0,44.55,4,29,30.07,0
24,Month-to-Month,Female,Bank Withdrawal,1,100.15,12,47,30.54,0
72,Month-to-Month,Female,Credit Card,1,80.45,66,24,45.59,0
20,Month-to-Month,Female,Bank Withdrawal,1,107.4,48,47,5.19,0
69,Month-to-Month,Male,Bank Withdrawal,1,104.2,52,23,37.6,0
60,Month-to-Month,Female,Bank Withdrawal,1,80.05,10,10,49.7,0
20,Month-to-Month,Male,Bank Withdrawal,1,75,8,42,5.34,0
55,Two Year,Female,Credit Card,0,25.8,62,0,8.23,0
40,Month-to-Month,Male,Bank Withdrawal,0,66.25,8,24,25.72,0
31,Month-to-Month,Female,Bank Withdrawal,1,79.7,7,16,28.92,0
54,Two Year,Male,Credit Card,0,20.4,6,0,41.36,3
57,Month-to-Month,Female,Credit Card,0,20.25,9,0,2.6,0
76,One Year,Male,Bank Withdrawal,0,81.6,35,28,4.16,0
64,Month-to-Month,Male,Credit Card,0,25.25,4,0,3.69,0
68,One Year,Female,Bank Withdrawal,1,104.75,56,4,34.58,0
47,Month-to-Month,Male,Credit Card,0,71.35,7,25,49.98,2
42,One Year,Female,Bank Withdrawal,0,70.3,10,26,26.37,1
79,Two Year,Male,Credit Card,0,73.45,72,3,11.26,0
63,One Year,Female,Credit Card,0,19.35,16,0,40.95,0
73,Month-to-Month,Male,Credit Card,1,105.95,25,22,46.34,0
24,Month-to-Month,Female,Credit Card,1,19.6,1,0,5.36,0
44,Month-to-Month,Female,Credit Card,0,20.5,5,0,24.61,0
59,Month-to-Month,Male,Bank Withdrawal,0,80.75,16,30,46,0
63,Two Year,Male,Credit Card,0,24.75,51,0,18.07,0
40,Month-to-Month,Male,Bank Withdrawal,1,85.1,22,17,16.2,0
34,Month-to-Month,Female,Credit Card,1,99.1,15,20,3.96,1
63,Month-to-Month,Male,Bank Withdrawal,0,70.35,1,27,14.42,0
35,Month-to-Month,Female,Bank Withdrawal,1,98.7,10,28,37.36,0
67,One Year,Female,Mailed Check,0,105,19,12,7.95,0
65,Two Year,Female,Bank Withdrawal,0,74.45,4,7,4.29,0
73,Month-to-Month,Male,Bank Withdrawal,1,50.35,5,28,18.69,0
67,Month-to-Month,Male,Bank Withdrawal,1,25.1,1,9,0,0
26,Month-to-Month,Male,Bank Withdrawal,0,51.1,40,73,34.49,0
21,Month-to-Month,Male,Credit Card,0,85.7,3,30,29.84,0
39,Two Year,Female,Bank Withdrawal,0,20.1,72,0,14.17,2
37,Month-to-Month,Female,Bank Withdrawal,1,45.7,1,5,12.8,0
34,One Year,Male,Credit Card,0,69,38,16,32.11,0
68,Month-to-Month,Female,Bank Withdrawal,1,74.9,4,29,26.23,0
78,Month-to-Month,Male,Bank Withdrawal,1,79.9,5,14,6.66,0
52,Month-to-Month,Female,Bank Withdrawal,0,60.6,19,20,36.48,3
75,Month-to-Month,Male,Bank Withdrawal,1,79.25,10,18,7.51,0
20,Month-to-Month,Female,Bank Withdrawal,1,75.55,5,58,35.22,0
45,Two Year,Male,Bank Withdrawal,0,20.45,62,0,1.87,2
47,Two Year,Male,Credit Card,0,45.2,54,10,0,0
31,One Year,Female,Bank Withdrawal,0,61.05,25,9,0,0
44,Month-to-Month,Female,Credit Card,0,84.35,15,4,6.22,0
27,Two Year,Female,Credit Card,0,90.2,68,26,3.41,0
66,Two Year,Male,Credit Card,0,25.1,72,0,2.37,0
34,Two Year,Male,Bank Withdrawal,0,89.55,60,10,7.1,0
40,Month-to-Month,Male,Bank Withdrawal,0,70.5,4,5,28.47,0
55,Month-to-Month,Male,Bank Withdrawal,0,74.9,7,12,34.59,0
77,Month-to-Month,Male,Bank Withdrawal,1,81.35,3,14,9.22,0
64,Month-to-Month,Female,Bank Withdrawal,0,100.15,15,28,32.07,0
29,Month-to-Month,Male,Credit Card,1,35.45,3,85,0,0
64,Two Year,Female,Bank Withdrawal,0,24.45,59,0,41.23,0
22,One Year,Male,Bank Withdrawal,0,19.95,10,0,7.86,1
58,Two Year,Female,Credit Card,0,95.75,71,12,27.26,2
61,Two Year,Female,Credit Card,0,116.4,72,20,28.86,2
28,Month-to-Month,Female,Bank Withdrawal,1,79.4,3,76,46.6,0
62,Month-to-Month,Male,Bank Withdrawal,0,98.6,56,28,10.99,0
19,Two Year,Male,Credit Card,0,20.05,62,0,33.68,0
28,Month-to-Month,Male,Credit Card,1,80.8,4,76,42.33,0
63,Two Year,Male,Credit Card,0,19.95,66,0,37.94,1
80,Month-to-Month,Male,Bank Withdrawal,1,75.35,1,18,28.49,0
41,Month-to-Month,Female,Credit Card,0,95,33,22,10.34,0
64,Month-to-Month,Male,Credit Card,1,80.85,1,21,14.91,0
43,Month-to-Month,Female,Bank Withdrawal,0,70.4,33,19,49.45,0
22,Month-to-Month,Male,Credit Card,1,108.15,32,73,27.69,0
20,One Year,Female,Credit Card,1,111.25,52,52,33.69,0
29,Month-to-Month,Male,Credit Card,0,30.1,28,48,0,0
68,One Year,Female,Bank Withdrawal,0,82.9,11,2,29.15,0
19,Two Year,Female,Mailed Check,0,59.6,65,76,43.29,0
43,One Year,Female,Bank Withdrawal,0,20.1,34,0,41.72,1
52,Two Year,Male,Credit Card,0,39.1,69,11,0,1
23,One Year,Male,Credit Card,0,19.65,52,0,22.65,2
19,Two Year,Male,Credit Card,0,83.5,63,69,13.45,0
23,Month-to-Month,Female,Mailed Check,1,75.05,1,58,32.86,0
51,Month-to-Month,Male,Bank Withdrawal,0,85.7,53,12,26.84,2
27,Month-to-Month,Male,Credit Card,0,24.4,10,0,4.16,1
45,One Year,Female,Bank Withdrawal,0,101.1,46,22,27.97,0
65,Two Year,Female,Bank Withdrawal,0,74.1,6,20,12.67,0
23,One Year,Female,Credit Card,0,20.45,2,0,46,0
78,Two Year,Female,Bank Withdrawal,0,94.95,19,27,19.57,0
59,Month-to-Month,Female,Bank Withdrawal,0,30.85,13,7,0,0
22,Month-to-Month,Female,Bank Withdrawal,1,101.9,37,59,24.04,0
73,One Year,Male,Credit Card,0,19.65,14,0,45.76,0
28,Two Year,Female,Credit Card,0,56.8,55,69,2.36,0
67,Two Year,Female,Bank Withdrawal,0,109.1,52,17,4.11,0
49,Month-to-Month,Male,Credit Card,0,55.55,25,10,11.6,0
56,One Year,Female,Credit Card,0,20.05,7,0,49.66,3
65,Two Year,Female,Mailed Check,0,20.2,38,0,4.09,0
37,Month-to-Month,Male,Bank Withdrawal,1,69.75,32,5,5.99,0
80,Two Year,Male,Bank Withdrawal,0,94.75,4,17,19,0
52,Month-to-Month,Female,Bank Withdrawal,0,49.4,8,6,20.9,0
71,Month-to-Month,Male,Credit Card,1,30.75,27,13,0,0
76,Month-to-Month,Female,Credit Card,1,96.3,15,8,19.11,0
34,Month-to-Month,Male,Bank Withdrawal,1,95.65,2,27,16.76,0
64,Month-to-Month,Male,Credit Card,0,64.4,20,29,12.6,0
55,Two Year,Male,Bank Withdrawal,0,99.35,69,21,8.46,1
50,One Year,Male,Credit Card,0,56.35,43,23,4.34,0
55,Month-to-Month,Male,Credit Card,0,89.4,66,8,48.78,0
28,Two Year,Male,Credit Card,0,81,38,73,22.05,0
42,Month-to-Month,Female,Credit Card,1,50.7,4,30,9.81,0
59,One Year,Male,Credit Card,0,60.7,36,24,0,0
57,Month-to-Month,Female,Bank Withdrawal,1,105.85,20,16,28.79,0
56,Month-to-Month,Male,Bank Withdrawal,0,53.75,57,30,0,0
51,One Year,Female,Bank Withdrawal,0,54.75,42,13,0,0
45,One Year,Female,Credit Card,0,54.45,68,27,17.41,0
74,Month-to-Month,Female,Bank Withdrawal,1,40.3,30,7,0,0
31,One Year,Male,Credit Card,0,20.35,21,0,22.53,0
79,Month-to-Month,Female,Bank Withdrawal,1,105.5,8,15,45.16,0
77,One Year,Female,Mailed Check,0,19.6,37,0,25.35,0
47,Month-to-Month,Male,Bank Withdrawal,0,66.7,8,27,41.13,0
50,Month-to-Month,Male,Credit Card,0,66.4,13,17,30.19,1
71,Two Year,Male,Bank Withdrawal,0,78.5,11,3,41.58,0
71,One Year,Male,Bank Withdrawal,0,50.05,55,23,0,0
59,One Year,Female,Credit Card,0,94.45,53,6,33.88,0
76,Month-to-Month,Male,Bank Withdrawal,1,100.7,46,17,49.11,0
39,One Year,Female,Credit Card,0,115.05,62,13,36.84,0
32,Month-to-Month,Female,Bank Withdrawal,1,100.15,62,13,48.58,0
29,Month-to-Month,Female,Bank Withdrawal,1,73.85,7,26,28.62,0
35,One Year,Male,Bank Withdrawal,0,58.75,29,9,8,0
22,One Year,Female,Credit Card,0,54.75,62,71,32.92,3
53,Two Year,Female,Credit Card,0,20.65,41,0,31.62,0
55,Month-to-Month,Female,Credit Card,1,55.9,6,20,14.51,3
53,Two Year,Male,Bank Withdrawal,0,24.3,72,0,20.42,3
21,Two Year,Male,Bank Withdrawal,0,19.2,45,0,17.23,1
43,One Year,Male,Bank Withdrawal,0,19.6,25,0,15.76,2
31,Two Year,Male,Bank Withdrawal,0,90.35,71,29,18.42,0
74,Month-to-Month,Female,Credit Card,1,40.65,24,29,0,0
37,One Year,Female,Credit Card,0,20,11,0,49.19,1
61,Month-to-Month,Male,Mailed Check,0,49,27,15,2.69,0
72,One Year,Female,Credit Card,0,96.75,53,28,34.58,0
49,Two Year,Female,Credit Card,0,98,63,21,23.62,0
52,Month-to-Month,Female,Bank Withdrawal,0,91.2,37,30,11.73,0
23,Two Year,Female,Mailed Check,0,20,41,0,10.09,0
59,Two Year,Male,Bank Withdrawal,0,108.1,48,4,9.91,0
63,Two Year,Male,Credit Card,0,84.35,45,3,30.8,0
40,Two Year,Male,Bank Withdrawal,0,55.3,72,27,24.24,0
47,Month-to-Month,Male,Bank Withdrawal,0,39.9,52,26,0,0
20,Two Year,Female,Credit Card,0,91.1,23,51,27.97,2
63,One Year,Male,Credit Card,0,53.65,25,53,36.17,3
23,Two Year,Female,Credit Card,0,25.25,49,0,33.65,2
22,Two Year,Male,Credit Card,0,80.4,71,41,18.04,0
23,Two Year,Female,Credit Card,0,24.7,58,0,47.9,0
26,One Year,Male,Credit Card,0,104.5,37,59,38.72,0
53,One Year,Female,Bank Withdrawal,0,70.25,30,13,17.33,0
63,Month-to-Month,Female,Bank Withdrawal,1,99.15,61,7,49.33,0
19,Month-to-Month,Male,Credit Card,0,50.75,1,26,24.66,0
22,Month-to-Month,Male,Bank Withdrawal,1,25.05,2,73,0,0
51,Month-to-Month,Male,Bank Withdrawal,0,75.9,18,20,26.84,0
28,One Year,Male,Bank Withdrawal,0,115.8,66,41,43.77,0
44,Month-to-Month,Female,Bank Withdrawal,0,78.5,7,13,3.34,0
70,Two Year,Male,Bank Withdrawal,0,84.65,68,13,20.31,1
26,Two Year,Female,Bank Withdrawal,0,115.5,72,76,24.32,0
62,Month-to-Month,Male,Bank Withdrawal,1,101.1,15,29,40.7,0
49,Month-to-Month,Male,Bank Withdrawal,1,69.95,7,3,35.42,0
59,One Year,Male,Bank Withdrawal,0,78.95,34,12,3.54,1
75,Two Year,Male,Bank Withdrawal,0,104.35,21,17,24.91,0
56,Two Year,Female,Credit Card,0,74.05,47,3,45.67,0
49,Month-to-Month,Male,Bank Withdrawal,0,90.8,16,12,48.71,2
46,Two Year,Female,Bank Withdrawal,0,80.6,54,28,36.68,0
65,One Year,Female,Credit Card,0,69.5,25,2,30.6,0
50,Two Year,Female,Credit Card,0,25.6,19,0,38.43,2
27,Two Year,Male,Bank Withdrawal,0,20.45,47,0,6.61,0
32,Month-to-Month,Male,Bank Withdrawal,1,98.05,7,29,9.25,0
55,Two Year,Female,Bank Withdrawal,0,25.6,69,0,20.98,1
51,Month-to-Month,Male,Bank Withdrawal,0,69.95,38,22,28,0
63,Month-to-Month,Male,Bank Withdrawal,1,85.6,10,29,30.1,0
22,Two Year,Female,Credit Card,0,24.65,18,0,43.69,3
26,Two Year,Female,Bank Withdrawal,0,19.45,70,0,23.52,0
25,Month-to-Month,Female,Mailed Check,1,80.2,1,69,1.23,0
60,Month-to-Month,Male,Bank Withdrawal,1,24.8,1,29,0,0
34,Month-to-Month,Male,Bank Withdrawal,1,82.85,6,28,8.59,0
48,One Year,Female,Bank Withdrawal,0,111.45,64,53,39.37,3
55,Two Year,Female,Credit Card,0,35.7,67,30,0,0
39,Month-to-Month,Male,Bank Withdrawal,0,74.5,3,14,6.97,0
64,Month-to-Month,Female,Credit Card,1,20.25,1,0,10.71,0
19,Month-to-Month,Female,Bank Withdrawal,1,60.15,1,59,33.48,0
19,Month-to-Month,Male,Bank Withdrawal,0,65.15,11,59,16.71,2
53,One Year,Male,Credit Card,0,49.55,10,7,26.17,0
73,Month-to-Month,Male,Bank Withdrawal,1,98.8,55,21,8.93,0
56,Month-to-Month,Male,Bank Withdrawal,1,100.85,8,6,3.27,0
42,Month-to-Month,Female,Bank Withdrawal,1,19.65,30,0,15.36,0
62,Month-to-Month,Female,Bank Withdrawal,0,105.3,12,18,16.96,2
74,One Year,Male,Bank Withdrawal,0,72.9,71,20,46.11,3
48,One Year,Female,Bank Withdrawal,0,80.05,37,11,9.61,0
37,Month-to-Month,Female,Credit Card,0,84.25,46,21,43.27,0
51,Two Year,Female,Bank Withdrawal,0,108.3,72,25,41.55,2
41,Month-to-Month,Male,Credit Card,0,61.9,44,24,37.68,3
28,Month-to-Month,Female,Bank Withdrawal,0,74.85,9,73,13.05,0
48,One Year,Female,Bank Withdrawal,1,93.8,33,27,20.02,0
22,Month-to-Month,Female,Bank Withdrawal,0,99.8,60,51,34.48,0
32,Month-to-Month,Male,Bank Withdrawal,0,103.1,9,57,44.37,3
54,Two Year,Male,Bank Withdrawal,0,26.1,34,0,20.47,0
46,Two Year,Female,Bank Withdrawal,0,85.3,72,21,36.13,1
29,One Year,Male,Bank Withdrawal,0,90.8,32,69,36.65,3
30,Month-to-Month,Female,Credit Card,0,50,18,69,17.33,0
37,Two Year,Female,Bank Withdrawal,0,50.65,63,11,25.32,1
59,Two Year,Female,Bank Withdrawal,0,93.3,69,24,28.53,1
48,Month-to-Month,Female,Bank Withdrawal,0,104.15,24,4,38.79,0
67,Month-to-Month,Male,Credit Card,1,96.15,32,18,25.45,0
60,Month-to-Month,Male,Bank Withdrawal,1,71.65,1,16,17.54,0
27,Month-to-Month,Male,Mailed Check,1,19.55,1,0,38.44,0
35,Month-to-Month,Female,Bank Withdrawal,0,44.35,20,18,4.15,0
62,Two Year,Male,Bank Withdrawal,0,69.85,72,18,28.37,2
62,One Year,Male,Bank Withdrawal,0,89.55,41,15,45.22,0
62,Two Year,Male,Credit Card,0,24.4,62,0,17.56,1
20,One Year,Male,Bank Withdrawal,0,44.45,50,73,0,0
48,Month-to-Month,Male,Bank Withdrawal,0,59.6,35,16,20.61,0
23,Month-to-Month,Male,Credit Card,0,20.45,8,0,35.21,0
38,Two Year,Male,Bank Withdrawal,0,25.45,35,0,13.67,3
50,One Year,Female,Bank Withdrawal,0,25.2,11,0,1.87,0
77,Month-to-Month,Male,Bank Withdrawal,1,79.9,3,3,2.98,0
63,One Year,Female,Bank Withdrawal,0,24.55,48,0,23.76,0
74,Month-to-Month,Male,Bank Withdrawal,1,83.75,41,18,45.84,0
46,One Year,Male,Bank Withdrawal,0,61.6,25,19,6.45,0
77,Month-to-Month,Female,Credit Card,0,94,57,30,23.05,0
19,Two Year,Female,Bank Withdrawal,0,59.55,67,52,0,0
32,One Year,Male,Bank Withdrawal,0,20.2,1,0,44.69,0
44,Two Year,Male,Bank Withdrawal,0,104.05,62,19,17.67,1
50,One Year,Male,Credit Card,0,94.35,43,7,41.22,0
50,Month-to-Month,Male,Bank Withdrawal,1,99.45,42,9,34.65,0
64,Month-to-Month,Female,Bank Withdrawal,1,98.9,12,23,34.92,0
56,Two Year,Male,Credit Card,0,108.4,72,30,27.88,2
57,Month-to-Month,Male,Mailed Check,1,45.7,1,13,5.55,0
23,One Year,Female,Mailed Check,0,20.95,31,0,31.79,0
33,One Year,Male,Credit Card,0,19.45,3,0,2.78,0
64,Two Year,Male,Bank Withdrawal,0,103.65,72,16,10.87,0
45,Month-to-Month,Female,Bank Withdrawal,0,88.85,10,51,32.76,3
41,Two Year,Male,Credit Card,0,89.85,72,9,26.96,0
26,Month-to-Month,Male,Mailed Check,0,20.45,12,0,41.11,0
19,Month-to-Month,Female,Credit Card,0,74.8,46,69,42.44,0
45,Two Year,Female,Credit Card,0,19.75,9,0,16.13,2
69,Month-to-Month,Male,Bank Withdrawal,1,72.85,10,24,5.46,0
64,Two Year,Female,Credit Card,0,86.45,43,14,21.08,0
55,One Year,Female,Bank Withdrawal,0,64,31,15,28.8,0
52,Two Year,Female,Bank Withdrawal,0,62.5,66,15,0,0
27,Month-to-Month,Female,Credit Card,1,71,14,52,36.25,0
73,Two Year,Male,Credit Card,0,58.4,18,7,47.34,0
35,Month-to-Month,Female,Bank Withdrawal,0,96.65,59,53,48.07,5
39,Month-to-Month,Male,Bank Withdrawal,1,96.05,12,25,44.71,0
29,Two Year,Male,Bank Withdrawal,0,112.55,69,41,3.41,0
73,Two Year,Female,Mailed Check,0,109.75,72,22,35.04,0
47,One Year,Female,Credit Card,0,106,43,10,10.19,2
25,Two Year,Female,Bank Withdrawal,0,25.3,65,0,34.03,3
47,Month-to-Month,Male,Bank Withdrawal,0,55,14,4,0,0
67,Two Year,Female,Bank Withdrawal,0,64.95,7,7,7.82,0
55,Month-to-Month,Male,Bank Withdrawal,0,83.4,51,12,45.92,0
71,One Year,Female,Mailed Check,0,20.65,17,0,24.15,0
24,Two Year,Female,Credit Card,0,85.1,72,41,20.54,0
39,Two Year,Male,Credit Card,0,19.8,72,0,30.44,0
34,Month-to-Month,Female,Bank Withdrawal,0,24.5,2,5,0,0
63,One Year,Female,Bank Withdrawal,0,106.15,59,19,35.23,1
36,One Year,Female,Mailed Check,0,64.3,52,18,4.22,0
68,Month-to-Month,Female,Bank Withdrawal,1,69.6,1,10,45.8,0
65,Month-to-Month,Male,Credit Card,1,95.9,19,4,32.77,0
46,Month-to-Month,Female,Credit Card,0,45.25,10,29,3.55,0
43,One Year,Female,Credit Card,0,80.2,52,14,42.9,0
76,Month-to-Month,Female,Mailed Check,1,76.4,1,6,41.16,0
59,One Year,Female,Bank Withdrawal,0,61.05,58,8,26.36,0
33,Two Year,Female,Credit Card,0,84.4,71,26,3.09,0
62,Two Year,Male,Credit Card,0,24.8,64,0,35.25,1
27,Month-to-Month,Female,Bank Withdrawal,1,84.6,13,42,35.96,0
59,Month-to-Month,Male,Bank Withdrawal,0,25.05,34,28,0,0
34,Month-to-Month,Female,Credit Card,0,45.25,2,26,39.5,0
37,Two Year,Male,Credit Card,0,69.9,61,4,4.69,0
50,Two Year,Female,Bank Withdrawal,0,104.3,70,30,5.46,0
27,Month-to-Month,Male,Bank Withdrawal,1,45.1,1,58,11.06,0
47,Month-to-Month,Male,Credit Card,0,33.75,29,22,0,0
80,Two Year,Female,Bank Withdrawal,0,101.3,30,17,37.42,1
20,Month-to-Month,Female,Bank Withdrawal,0,49.4,12,48,17.14,0
22,One Year,Male,Bank Withdrawal,0,90.35,9,82,30.46,3
21,One Year,Female,Bank Withdrawal,1,98.25,56,48,19.16,0
60,One Year,Female,Credit Card,0,100.7,61,19,18.26,1
51,Month-to-Month,Male,Bank Withdrawal,0,70.2,11,8,1.01,0
55,One Year,Male,Credit Card,0,70.6,38,22,42.24,0
24,Month-to-Month,Female,Credit Card,0,82.85,4,73,19.84,0
73,One Year,Female,Credit Card,1,95.25,46,30,6.13,0
64,Two Year,Male,Bank Withdrawal,0,24.9,50,0,47.16,0
58,Month-to-Month,Female,Bank Withdrawal,1,91.75,9,7,22,0
25,Month-to-Month,Male,Mailed Check,1,84.65,1,51,22.3,0
37,Month-to-Month,Female,Bank Withdrawal,1,93.4,58,20,3.65,0
38,Two Year,Male,Credit Card,0,19.4,53,0,25.32,3
46,Month-to-Month,Female,Credit Card,1,81,10,19,49.5,0
20,Month-to-Month,Male,Credit Card,0,59.55,1,48,41.39,1
62,Month-to-Month,Male,Bank Withdrawal,1,69.1,1,18,38.66,0
28,Two Year,Male,Credit Card,0,80.15,70,46,24.08,0
30,Month-to-Month,Female,Bank Withdrawal,1,90.55,1,51,15.44,0
34,Month-to-Month,Male,Bank Withdrawal,0,49.8,34,27,4.89,0
61,Month-to-Month,Male,Credit Card,0,55.7,1,9,17.68,0
35,Two Year,Female,Bank Withdrawal,0,79.5,72,14,32.59,1
30,Two Year,Female,Bank Withdrawal,0,89.95,68,82,28.36,0
32,Month-to-Month,Female,Bank Withdrawal,0,84.75,22,19,33.73,2
44,Month-to-Month,Female,Bank Withdrawal,0,51.2,10,17,45.56,0
50,Month-to-Month,Female,Bank Withdrawal,0,89.1,20,25,24.73,0
58,Month-to-Month,Male,Mailed Check,1,51.25,1,4,6.44,0
34,Month-to-Month,Female,Bank Withdrawal,1,69.8,1,13,11.08,0
42,One Year,Female,Bank Withdrawal,0,64.65,37,9,37.18,0
52,One Year,Male,Bank Withdrawal,0,105.7,71,28,29.11,0
40,Two Year,Female,Credit Card,0,111.75,68,57,14.11,3
38,Month-to-Month,Female,Credit Card,0,19.45,12,0,18.12,0
25,Month-to-Month,Male,Bank Withdrawal,1,80.55,1,73,43.67,0
67,Two Year,Male,Credit Card,0,20.3,69,0,20.62,0
61,Two Year,Female,Bank Withdrawal,0,25,71,0,48.01,0
54,One Year,Male,Credit Card,0,81.4,39,12,36.93,0
62,Two Year,Female,Bank Withdrawal,0,23.75,72,0,21.14,1
20,Month-to-Month,Male,Bank Withdrawal,1,74.55,11,41,5.4,0
47,Two Year,Male,Bank Withdrawal,0,25.25,68,0,22.83,0
53,Two Year,Male,Credit Card,0,79.2,69,17,21.56,1
59,One Year,Female,Bank Withdrawal,0,24.45,43,0,28.03,1
43,Month-to-Month,Male,Bank Withdrawal,1,107.35,47,7,37.74,0
19,One Year,Male,Credit Card,0,90.65,43,59,36.78,0
36,Two Year,Female,Credit Card,0,19.4,50,0,12.62,0
28,Month-to-Month,Female,Bank Withdrawal,0,20.7,2,0,13.89,0
66,Month-to-Month,Male,Bank Withdrawal,1,81.25,8,26,5.02,0
66,One Year,Female,Bank Withdrawal,0,106.8,50,14,10.6,0
62,One Year,Male,Credit Card,0,19.7,19,0,26.54,0
33,Month-to-Month,Male,Credit Card,0,20.05,2,0,1.81,0
37,Month-to-Month,Female,Credit Card,0,54.9,28,11,3.25,0
54,Two Year,Male,Bank Withdrawal,0,105.25,71,8,37.69,0
79,Month-to-Month,Male,Bank Withdrawal,1,95.65,39,23,41.93,0
38,Two Year,Female,Credit Card,0,19.85,7,0,35.26,1
41,Month-to-Month,Male,Bank Withdrawal,1,74.95,11,29,25.24,0
42,Month-to-Month,Male,Credit Card,1,70.45,1,8,42.87,0
20,Month-to-Month,Male,Bank Withdrawal,0,79.45,2,85,28.61,0
44,Two Year,Male,Credit Card,1,111.6,61,11,7.82,0
48,Two Year,Male,Bank Withdrawal,0,110.6,60,76,40.36,3
30,One Year,Female,Credit Card,0,20,29,0,32.43,0
34,Month-to-Month,Male,Credit Card,0,19.95,21,0,44.01,0
29,One Year,Female,Credit Card,0,104.15,13,27,11.99,2
38,Month-to-Month,Female,Bank Withdrawal,0,20.3,23,0,16.26,0
57,One Year,Female,Bank Withdrawal,0,19.55,30,0,21.14,0
64,Two Year,Male,Bank Withdrawal,0,68.75,66,10,20.52,0
30,Month-to-Month,Male,Credit Card,0,99.3,9,69,4.81,0
36,Month-to-Month,Female,Bank Withdrawal,0,29.85,1,10,0,0
66,Month-to-Month,Female,Bank Withdrawal,1,96.4,16,14,32.11,0
80,Two Year,Male,Bank Withdrawal,0,25.4,72,0,26.01,0
29,One Year,Female,Credit Card,0,49.25,6,48,0,0
24,Month-to-Month,Male,Credit Card,0,55.8,5,51,41.29,0
26,One Year,Female,Credit Card,0,65.6,15,73,20.11,0
32,Two Year,Female,Credit Card,0,70.35,57,24,48,0
53,Month-to-Month,Female,Bank Withdrawal,0,70.5,17,16,41.78,0
75,Month-to-Month,Male,Bank Withdrawal,1,75.5,27,23,10.6,0
48,Month-to-Month,Male,Bank Withdrawal,0,44.55,1,18,41.1,2
53,Month-to-Month,Female,Bank Withdrawal,1,70.5,1,3,41.39,0
20,Month-to-Month,Female,Bank Withdrawal,0,56.85,35,69,20.79,0
55,One Year,Female,Bank Withdrawal,1,99.2,37,4,30.16,0
29,Month-to-Month,Female,Mailed Check,1,25.2,1,73,0,0
53,Month-to-Month,Female,Bank Withdrawal,1,71.15,8,18,48.14,0
64,Month-to-Month,Female,Bank Withdrawal,1,80.5,6,23,36.12,0
26,One Year,Male,Credit Card,0,19.9,39,0,48.02,0
68,Two Year,Female,Bank Withdrawal,0,90.45,55,21,22.74,0
59,One Year,Male,Bank Withdrawal,0,95.4,60,29,5.43,0
58,Month-to-Month,Female,Credit Card,1,79.85,31,12,16.63,0
63,Month-to-Month,Male,Bank Withdrawal,1,90.2,20,10,49.69,0
65,Month-to-Month,Male,Bank Withdrawal,1,101.25,24,30,28.98,0
64,Month-to-Month,Female,Bank Withdrawal,0,49.8,22,11,31.53,0
53,Month-to-Month,Female,Credit Card,0,69,17,14,5.49,0
23,Month-to-Month,Female,Credit Card,0,88.4,9,52,35.45,0
74,Month-to-Month,Female,Bank Withdrawal,1,95,26,26,47.63,0
35,Month-to-Month,Male,Credit Card,0,20.75,2,0,27.67,0
23,Two Year,Male,Bank Withdrawal,0,24.45,69,0,33.09,3
60,Two Year,Female,Credit Card,0,73.55,45,15,44.29,0
44,Two Year,Female,Credit Card,0,19.85,71,0,18.41,0
35,Two Year,Female,Credit Card,0,75.35,70,53,39.53,3
33,One Year,Female,Bank Withdrawal,0,88.9,66,15,31.93,0
25,Month-to-Month,Female,Bank Withdrawal,0,74.2,29,82,16.38,0
28,One Year,Male,Credit Card,0,20.65,26,0,31.53,0
24,Two Year,Female,Mailed Check,0,20.85,45,0,40.19,1
57,Month-to-Month,Male,Bank Withdrawal,0,90.05,47,20,38.25,1
22,Two Year,Female,Credit Card,0,94.45,72,48,22.74,0
30,Month-to-Month,Female,Bank Withdrawal,1,88.95,4,51,48.32,0
20,Month-to-Month,Male,Credit Card,0,19.15,27,0,30.36,2
45,Month-to-Month,Female,Bank Withdrawal,0,100.4,7,25,39.02,0
59,One Year,Male,Bank Withdrawal,0,75.5,26,29,39.63,0
45,One Year,Male,Bank Withdrawal,0,104.95,72,18,33.93,0
60,One Year,Male,Credit Card,0,76.9,68,13,1.27,0
25,Month-to-Month,Female,Bank Withdrawal,1,69,7,73,8.95,0
62,Two Year,Female,Mailed Check,0,88.1,61,28,47.19,0
42,Month-to-Month,Female,Credit Card,0,59.45,35,23,39.11,3
62,Month-to-Month,Male,Bank Withdrawal,1,99.5,66,26,25.82,0
59,Two Year,Female,Credit Card,0,70.65,72,22,43.12,0
31,Two Year,Male,Credit Card,0,20.75,58,0,18.68,0
58,Month-to-Month,Male,Credit Card,0,19.25,2,0,21.18,1
75,Two Year,Male,Credit Card,0,95.5,71,9,1.23,0
65,One Year,Female,Bank Withdrawal,0,58.95,48,2,34.43,0
40,One Year,Female,Bank Withdrawal,0,75.7,50,28,9.47,0
62,Month-to-Month,Male,Bank Withdrawal,0,85.65,8,16,39.59,0
39,Two Year,Female,Bank Withdrawal,0,97.2,54,8,31.55,0
38,Two Year,Female,Bank Withdrawal,0,99.65,60,21,16.81,0
39,Two Year,Male,Credit Card,0,25.3,58,0,48.78,0
65,Two Year,Male,Bank Withdrawal,0,98.35,72,30,44.61,0
60,Month-to-Month,Male,Credit Card,1,55,35,14,48.93,0
63,Month-to-Month,Female,Bank Withdrawal,0,54.5,1,75,33.21,3
51,Two Year,Female,Credit Card,0,109.1,58,7,37.15,0
42,Month-to-Month,Male,Bank Withdrawal,1,92.55,17,13,17.71,0
61,One Year,Male,Bank Withdrawal,0,25.35,30,0,4.27,2
69,Month-to-Month,Female,Bank Withdrawal,1,93.55,24,12,13.38,0
62,Month-to-Month,Female,Bank Withdrawal,0,98.7,56,18,7,0
60,Two Year,Male,Credit Card,0,75.55,29,7,32.46,0
58,Two Year,Male,Bank Withdrawal,0,19.35,66,0,21.23,0
69,One Year,Female,Credit Card,0,95.85,53,12,30.09,0
79,Two Year,Female,Bank Withdrawal,0,66.05,26,15,12.09,0
62,One Year,Male,Bank Withdrawal,0,90.4,30,18,7.19,0
58,One Year,Female,Credit Card,0,115.1,61,7,5.55,0
19,Month-to-Month,Male,Credit Card,0,20.2,1,0,41.1,0
22,Month-to-Month,Female,Credit Card,1,48.6,1,52,6.54,0
53,Month-to-Month,Female,Credit Card,0,29.15,4,2,0,0
30,Two Year,Female,Bank Withdrawal,0,24.55,71,0,2.66,0
58,Month-to-Month,Female,Bank Withdrawal,0,68.95,5,10,18.65,0
47,Month-to-Month,Female,Credit Card,0,19.85,1,0,16.47,0
40,Month-to-Month,Female,Credit Card,0,63.15,13,25,39.2,3
37,One Year,Female,Bank Withdrawal,0,104.3,62,5,44.95,0
29,Two Year,Female,Credit Card,0,39.4,48,52,0,3
38,Month-to-Month,Female,Bank Withdrawal,1,77.75,55,4,19.41,0
51,Month-to-Month,Female,Bank Withdrawal,1,70.85,1,23,27.05,0
19,Two Year,Female,Credit Card,0,19.4,69,0,25.18,2
75,Month-to-Month,Male,Mailed Check,0,75.7,67,19,39.89,0
64,Month-to-Month,Female,Bank Withdrawal,0,20.2,3,0,31.81,0
19,Month-to-Month,Female,Bank Withdrawal,1,70.7,2,51,9.12,2
61,Month-to-Month,Male,Credit Card,0,24.8,10,0,34.47,3
61,Month-to-Month,Male,Credit Card,0,96.9,23,6,8.5,0
29,One Year,Female,Bank Withdrawal,0,93.45,53,82,38.35,0
64,One Year,Male,Bank Withdrawal,0,19.6,26,0,37.7,0
61,Month-to-Month,Male,Bank Withdrawal,1,79.5,11,19,13.33,0
61,Month-to-Month,Male,Credit Card,0,90.05,34,57,20.05,3
70,One Year,Female,Credit Card,0,105.4,67,25,2.67,0
46,Month-to-Month,Male,Bank Withdrawal,0,45.9,4,20,33.93,0
31,Two Year,Female,Credit Card,0,24.35,58,0,38.62,0
27,One Year,Male,Credit Card,0,44.6,17,73,13.02,0
55,Month-to-Month,Male,Bank Withdrawal,0,81.2,40,56,3.52,3
50,One Year,Male,Credit Card,0,79.6,68,21,18.53,0
49,One Year,Male,Credit Card,0,66.4,59,4,16.06,0
80,Month-to-Month,Male,Bank Withdrawal,1,101,46,22,5.36,0
25,One Year,Female,Credit Card,0,19.45,49,0,45.64,1
35,Month-to-Month,Female,Bank Withdrawal,0,80.45,2,25,35.41,0
45,One Year,Female,Bank Withdrawal,0,108.75,69,26,46.45,1
28,One Year,Male,Credit Card,0,58.75,37,76,35.67,3
43,Two Year,Female,Credit Card,0,19.65,6,0,29.09,0
63,Two Year,Female,Credit Card,0,71.1,71,52,45.81,3
77,Two Year,Male,Bank Withdrawal,0,25,72,0,28.99,0
49,Month-to-Month,Female,Bank Withdrawal,0,55.7,55,14,36.41,2
35,Month-to-Month,Male,Credit Card,0,19.55,1,0,17.94,0
26,Month-to-Month,Female,Bank Withdrawal,0,99.8,46,85,17.51,2
49,Month-to-Month,Female,Bank Withdrawal,1,71,9,9,24.52,0
26,Two Year,Female,Credit Card,0,97.7,72,58,28.59,0
57,Month-to-Month,Male,Mailed Check,1,44.95,9,26,2.88,0
19,Month-to-Month,Female,Bank Withdrawal,1,62.65,34,71,41.32,0
22,Month-to-Month,Female,Credit Card,0,74.55,17,47,44.9,2
76,Two Year,Male,Bank Withdrawal,0,80.5,24,23,46.13,0
27,Month-to-Month,Female,Credit Card,1,98.3,9,82,38.76,0
38,Month-to-Month,Female,Bank Withdrawal,0,105.1,34,2,2.82,0
24,Month-to-Month,Female,Bank Withdrawal,0,54.2,12,51,23.99,0
21,Two Year,Female,Credit Card,0,86.4,64,73,8.52,0
36,Two Year,Female,Credit Card,0,100.2,50,9,15.1,0
56,Month-to-Month,Female,Bank Withdrawal,0,87.6,31,20,40.92,0
54,Two Year,Male,Credit Card,0,25.85,27,0,2.65,1
47,Two Year,Female,Bank Withdrawal,0,19.7,69,0,38.39,3
73,One Year,Female,Credit Card,0,108.1,66,23,6.94,0
54,Month-to-Month,Male,Mailed Check,1,96.65,13,11,45.6,0
44,Two Year,Male,Bank Withdrawal,1,49.35,71,25,0,0
33,Month-to-Month,Female,Bank Withdrawal,1,74.65,7,19,48.82,0
64,Two Year,Female,Bank Withdrawal,0,20.15,69,0,11.47,3
19,Two Year,Female,Credit Card,0,108.05,72,82,10.05,0
57,One Year,Female,Credit Card,0,39.65,47,3,0,0
31,Two Year,Male,Credit Card,0,19.65,52,0,21.98,0
67,One Year,Male,Credit Card,0,60,55,23,9.08,0
30,Month-to-Month,Male,Credit Card,0,54.5,42,73,18.93,1
22,One Year,Female,Credit Card,0,24.15,33,0,1.71,1
61,Month-to-Month,Female,Bank Withdrawal,1,91.65,14,12,9.13,1
30,Month-to-Month,Male,Credit Card,1,70.6,1,41,44.59,0
57,One Year,Female,Credit Card,0,19.7,12,0,36.65,0
41,Two Year,Male,Credit Card,0,67.95,70,15,24.93,0
42,Two Year,Male,Bank Withdrawal,0,85.9,66,10,7.61,0
58,Month-to-Month,Female,Bank Withdrawal,1,84.9,8,30,29,0
56,Month-to-Month,Male,Bank Withdrawal,1,95.45,1,2,5.59,0
46,Month-to-Month,Male,Credit Card,1,29.5,10,30,0,0
29,Month-to-Month,Male,Credit Card,0,43.55,21,26,0,0
77,Month-to-Month,Male,Bank Withdrawal,1,43.65,12,10,0,0
63,One Year,Female,Credit Card,0,114.65,54,26,11.4,0
57,Month-to-Month,Female,Credit Card,1,19.85,5,0,6.17,0
44,Two Year,Male,Credit Card,0,35.75,24,20,0,0
71,One Year,Male,Credit Card,0,94.8,56,28,10.57,2
47,One Year,Female,Bank Withdrawal,0,94.7,57,7,38.94,0
55,One Year,Female,Bank Withdrawal,0,45.35,58,29,0,0
66,Month-to-Month,Male,Bank Withdrawal,0,95.9,68,28,19.67,0
52,Month-to-Month,Male,Credit Card,1,94.5,28,26,35.52,0
39,One Year,Male,Bank Withdrawal,0,100.35,28,13,7.73,2
37,Two Year,Male,Bank Withdrawal,0,65.7,66,17,32.12,2
62,Two Year,Male,Bank Withdrawal,0,20.4,38,0,6.97,0
63,Two Year,Male,Bank Withdrawal,0,26,69,0,11.6,2
27,One Year,Male,Bank Withdrawal,0,20.55,5,0,41.21,2
68,Month-to-Month,Male,Bank Withdrawal,1,85.05,9,6,12.18,0
80,Month-to-Month,Female,Bank Withdrawal,1,104.85,14,7,29.96,0
52,Two Year,Female,Credit Card,0,69.2,70,23,29.38,0
55,Month-to-Month,Female,Credit Card,0,19.9,1,0,2.38,0
55,Month-to-Month,Male,Bank Withdrawal,0,95.3,33,53,10.36,3
53,Month-to-Month,Male,Bank Withdrawal,1,76.2,1,14,35.15,0
22,One Year,Male,Bank Withdrawal,1,94.8,51,58,44.77,0
79,Two Year,Male,Bank Withdrawal,0,94.8,17,13,46.44,0
34,Month-to-Month,Female,Bank Withdrawal,0,86.85,19,16,7.84,0
52,Two Year,Male,Credit Card,0,84.65,63,7,12.96,0
57,Month-to-Month,Female,Bank Withdrawal,1,94.4,17,23,21.82,0
48,Month-to-Month,Female,Bank Withdrawal,1,104.95,25,10,8.91,0
67,Month-to-Month,Female,Bank Withdrawal,1,89.85,15,6,4.28,0
73,One Year,Female,Credit Card,1,105.5,58,19,16.94,0
29,Month-to-Month,Male,Bank Withdrawal,0,49.9,1,76,6.35,1
69,Two Year,Female,Bank Withdrawal,0,110,60,30,24.62,0
77,Month-to-Month,Female,Bank Withdrawal,1,93.85,2,18,19.27,0
46,Month-to-Month,Male,Bank Withdrawal,1,25.15,1,5,0,0
33,Two Year,Female,Credit Card,0,19.75,47,0,41.54,3
26,Month-to-Month,Male,Bank Withdrawal,1,83.35,47,59,17.54,0
38,Month-to-Month,Female,Bank Withdrawal,0,45,2,12,15.5,0
74,Two Year,Male,Credit Card,0,19.35,44,0,1.89,0
60,One Year,Female,Bank Withdrawal,0,95.85,26,4,40.14,0
54,One Year,Female,Credit Card,0,64.9,10,5,37.45,0
20,Two Year,Male,Bank Withdrawal,0,81.95,69,48,49.16,2
31,Month-to-Month,Male,Credit Card,0,44.45,51,2,0,0
70,Two Year,Female,Bank Withdrawal,0,85.15,44,6,44.44,0
72,One Year,Female,Bank Withdrawal,0,72.1,1,22,7.77,0
69,One Year,Male,Bank Withdrawal,0,20.75,23,0,45.83,0
57,Month-to-Month,Male,Credit Card,0,45,29,21,0,1
40,Month-to-Month,Female,Bank Withdrawal,1,79.55,9,23,45.41,0
26,Month-to-Month,Male,Credit Card,0,69.05,27,26,34.98,0
73,Two Year,Female,Credit Card,0,105.4,69,13,19.39,0
21,Month-to-Month,Female,Bank Withdrawal,1,84.05,4,69,41.72,0
45,Two Year,Female,Bank Withdrawal,0,114.6,71,29,4.91,3
33,Two Year,Female,Credit Card,0,20.05,38,0,41.63,0
21,Month-to-Month,Female,Credit Card,0,95,27,26,18.42,0
40,Month-to-Month,Male,Bank Withdrawal,1,50.35,1,20,0,0
74,Month-to-Month,Male,Bank Withdrawal,1,106.4,23,29,17.62,0
35,Two Year,Male,Bank Withdrawal,0,102.6,63,22,2.72,0
34,Two Year,Male,Credit Card,0,73.5,71,5,34.39,0
49,Month-to-Month,Male,Bank Withdrawal,0,93.25,52,10,11.3,1
51,Month-to-Month,Female,Bank Withdrawal,1,64.7,14,30,20.4,0
62,Two Year,Male,Bank Withdrawal,0,86.5,68,29,11.5,0
47,One Year,Male,Credit Card,0,20.85,52,0,39.48,3
52,Month-to-Month,Male,Bank Withdrawal,1,40.2,37,23,0,1
64,Month-to-Month,Male,Mailed Check,0,73.35,13,21,40.99,0
70,Month-to-Month,Female,Bank Withdrawal,1,69.65,1,5,31.13,0
44,Month-to-Month,Female,Bank Withdrawal,0,84.6,1,11,7.34,0
41,Two Year,Female,Bank Withdrawal,0,90.35,72,25,9.6,0
47,Month-to-Month,Female,Bank Withdrawal,1,19.4,15,0,33.14,0
54,Month-to-Month,Male,Bank Withdrawal,1,89.4,17,22,19.19,0
64,Month-to-Month,Female,Credit Card,0,60.6,18,9,10.97,0
51,Month-to-Month,Female,Bank Withdrawal,0,95.05,18,12,7.42,0
80,Two Year,Female,Bank Withdrawal,0,89.75,59,5,25.57,0
35,One Year,Female,Bank Withdrawal,0,20.15,12,0,26.67,0
19,Two Year,Male,Credit Card,0,25.05,68,0,25.19,0
58,Month-to-Month,Female,Bank Withdrawal,1,81.05,28,13,16.85,0
38,Month-to-Month,Female,Bank Withdrawal,0,19.45,1,0,16.44,2
57,Two Year,Female,Credit Card,0,106.1,72,14,6.41,1
42,Two Year,Female,Bank Withdrawal,0,19.7,56,0,32.88,0
64,One Year,Female,Credit Card,0,19.9,28,0,21.91,1
42,One Year,Male,Bank Withdrawal,1,100.6,49,3,18.97,0
28,Month-to-Month,Female,Bank Withdrawal,1,35.1,13,53,0,0
21,One Year,Female,Bank Withdrawal,0,90.15,51,59,19.9,3
30,Two Year,Male,Bank Withdrawal,1,108.05,71,53,49.42,0
29,Month-to-Month,Female,Credit Card,1,99,3,59,33.39,0
21,Two Year,Female,Bank Withdrawal,0,64.55,70,46,0,0
34,Month-to-Month,Male,Bank Withdrawal,0,74,1,25,23.7,0
55,Month-to-Month,Male,Credit Card,1,55,19,23,4.3,0
31,One Year,Female,Bank Withdrawal,0,19.05,42,0,34.66,3
38,Month-to-Month,Female,Bank Withdrawal,1,104.2,17,15,4.91,0
76,Month-to-Month,Male,Bank Withdrawal,1,85.3,32,10,49.6,0
58,Two Year,Female,Credit Card,0,55.5,58,11,0,0
57,Month-to-Month,Female,Bank Withdrawal,1,63.6,3,25,3.64,0
47,Two Year,Female,Bank Withdrawal,0,79.3,49,14,16.6,1
60,Month-to-Month,Female,Mailed Check,1,20.65,2,0,24.71,0
19,Two Year,Male,Credit Card,0,54.05,44,59,0,2
49,Month-to-Month,Male,Credit Card,0,24.85,22,0,22.97,0
23,Two Year,Female,Credit Card,0,71.05,21,71,17.35,0
53,Month-to-Month,Female,Credit Card,0,20.4,12,0,23.2,0
49,Two Year,Female,Mailed Check,0,81,62,22,13.32,0
34,Month-to-Month,Male,Bank Withdrawal,1,80.5,26,22,24.16,0
40,Two Year,Male,Bank Withdrawal,0,82.3,72,15,48.44,0
32,Two Year,Male,Credit Card,0,20.9,23,0,18.91,1
19,Month-to-Month,Female,Credit Card,0,75.45,47,69,48.03,0
26,Two Year,Female,Bank Withdrawal,0,110.2,70,85,5.51,3
32,One Year,Male,Credit Card,0,50.35,26,19,4.62,1
31,Month-to-Month,Male,Bank Withdrawal,0,20.65,31,0,9.56,1
58,One Year,Female,Credit Card,0,19.5,14,0,41.05,1
19,Two Year,Male,Bank Withdrawal,0,24.05,54,0,41.58,2
62,Month-to-Month,Female,Bank Withdrawal,1,19.5,6,0,31.7,0
19,Month-to-Month,Male,Bank Withdrawal,1,76.4,2,51,20.5,0
50,Month-to-Month,Male,Credit Card,1,50.05,4,22,9.67,0
27,Month-to-Month,Male,Bank Withdrawal,1,85.15,14,42,21.3,0
44,Two Year,Female,Bank Withdrawal,0,59.7,71,19,0,1
32,Month-to-Month,Female,Bank Withdrawal,1,55.15,22,19,5.26,1
50,Month-to-Month,Female,Bank Withdrawal,1,87.15,2,6,6.2,0
80,Month-to-Month,Male,Bank Withdrawal,1,69.7,8,20,14.89,0
79,Two Year,Female,Bank Withdrawal,0,98.1,26,11,18.66,0
60,Month-to-Month,Female,Credit Card,0,20.1,2,0,35.5,0
25,Month-to-Month,Female,Bank Withdrawal,0,74.8,18,41,43.29,0
79,Two Year,Male,Credit Card,0,94.65,67,23,7.2,0
77,Two Year,Male,Credit Card,0,105.05,50,8,40.9,0
78,Two Year,Male,Bank Withdrawal,0,93.5,32,3,43.54,0
27,One Year,Male,Credit Card,0,108.5,64,71,4.01,0
24,Month-to-Month,Male,Credit Card,0,21.1,17,0,34.02,0
77,One Year,Male,Credit Card,0,98.3,61,8,2.19,0
71,Month-to-Month,Female,Credit Card,0,85.8,26,7,33.74,0
23,Month-to-Month,Male,Bank Withdrawal,0,79.95,12,41,40.06,0
63,Two Year,Male,Bank Withdrawal,0,54.3,44,18,0,0
32,Two Year,Male,Credit Card,0,76.15,8,14,37.28,1
59,Month-to-Month,Male,Credit Card,0,110.1,40,22,11.5,3
61,Two Year,Female,Credit Card,0,40.55,6,10,0,2
73,One Year,Male,Bank Withdrawal,0,24.9,33,0,3.15,0
52,Two Year,Female,Bank Withdrawal,0,59.55,33,7,0,0
32,Month-to-Month,Male,Bank Withdrawal,0,86.4,56,13,37.15,0
71,Month-to-Month,Male,Credit Card,0,45.85,1,6,40.38,0
40,Month-to-Month,Female,Mailed Check,1,84.7,10,18,45.69,0
34,Two Year,Male,Credit Card,0,89.25,52,30,6.8,0
70,Two Year,Female,Bank Withdrawal,0,84.95,18,23,25.7,0
40,Month-to-Month,Male,Bank Withdrawal,1,89.95,14,27,28.65,0
47,Month-to-Month,Female,Mailed Check,1,50.45,1,29,9.73,2
60,Two Year,Male,Bank Withdrawal,1,106,71,12,47.34,0
63,One Year,Female,Bank Withdrawal,0,113.35,64,19,6.83,1
51,Month-to-Month,Male,Credit Card,0,20,10,0,19.1,0
23,One Year,Male,Credit Card,0,20.55,69,0,26.44,2
55,Month-to-Month,Male,Credit Card,0,90.75,2,23,27.17,0
42,One Year,Male,Credit Card,0,19.8,29,0,46.12,0
21,One Year,Female,Bank Withdrawal,1,109.5,70,59,41.88,0
29,One Year,Male,Bank Withdrawal,0,75.5,50,47,31.83,1
57,One Year,Female,Bank Withdrawal,1,106.45,58,12,14.99,0
79,Two Year,Male,Bank Withdrawal,0,54.55,16,23,35.53,0
32,Month-to-Month,Male,Credit Card,0,19.25,5,0,21.01,0
19,Two Year,Male,Bank Withdrawal,0,20.7,72,0,21.72,0
22,Two Year,Female,Credit Card,0,20.35,9,0,30.83,1
29,Two Year,Female,Bank Withdrawal,0,19.35,65,0,48.66,0
47,Month-to-Month,Female,Credit Card,1,55.05,2,30,42.55,0
44,Month-to-Month,Male,Credit Card,0,20.25,1,0,40.46,0
56,One Year,Male,Bank Withdrawal,1,100,43,23,39.37,0
40,One Year,Male,Credit Card,0,100.9,67,23,31.41,0
50,One Year,Male,Bank Withdrawal,0,55.45,27,21,20.29,0
30,Two Year,Male,Bank Withdrawal,0,74.35,57,42,24.67,0
70,Two Year,Female,Bank Withdrawal,0,116.05,60,11,4.06,0
31,One Year,Male,Credit Card,0,94.9,46,22,22.13,0
28,Month-to-Month,Male,Bank Withdrawal,0,111.45,48,59,22.36,0
28,Month-to-Month,Male,Bank Withdrawal,0,50.4,3,59,29.74,0
23,Two Year,Female,Credit Card,0,20,10,0,20.05,3
40,Month-to-Month,Male,Bank Withdrawal,0,44.8,4,19,25.9,2
31,Month-to-Month,Male,Credit Card,0,20.9,26,0,31.73,0
22,Two Year,Female,Credit Card,0,19.65,67,0,33.01,0
67,Month-to-Month,Male,Bank Withdrawal,1,41.15,3,28,0,0
51,One Year,Female,Credit Card,0,81.85,23,30,5.7,3
28,Month-to-Month,Female,Bank Withdrawal,0,20.55,22,0,43.97,2
63,Two Year,Male,Bank Withdrawal,1,96.25,52,26,46.59,0
33,Two Year,Male,Credit Card,0,75.85,56,26,37.58,1
53,Two Year,Male,Credit Card,0,109.2,64,12,13.73,1
67,Month-to-Month,Male,Bank Withdrawal,1,95.25,13,6,31.7,0
36,Month-to-Month,Male,Bank Withdrawal,1,45.75,1,28,24.24,0
50,One Year,Female,Credit Card,0,109.7,67,23,17.72,0
22,Month-to-Month,Male,Bank Withdrawal,0,96.2,7,48,45.93,0
41,Month-to-Month,Male,Bank Withdrawal,1,35.4,31,23,0,3
52,One Year,Female,Bank Withdrawal,0,44.1,54,21,0,0
43,Two Year,Female,Credit Card,0,20.3,38,0,43.19,0
58,One Year,Female,Credit Card,0,20.1,15,0,9.74,0
30,One Year,Female,Credit Card,0,19.65,35,0,18.29,2
63,Two Year,Female,Bank Withdrawal,0,89.7,50,26,29.8,0
33,Month-to-Month,Female,Credit Card,0,29.8,7,19,0,2
60,Month-to-Month,Male,Credit Card,0,49.5,6,22,26.76,0
50,One Year,Female,Bank Withdrawal,0,20.85,22,0,10.25,0
47,One Year,Female,Bank Withdrawal,0,106.5,70,19,5.93,1
47,One Year,Male,Bank Withdrawal,0,19.9,25,0,18.87,1
58,Month-to-Month,Female,Bank Withdrawal,1,19.3,1,0,25.62,0
38,Month-to-Month,Male,Credit Card,1,20.2,1,0,45.49,0
55,One Year,Male,Bank Withdrawal,0,20.85,71,0,44.82,0
23,Month-to-Month,Male,Bank Withdrawal,1,75.9,1,27,44.56,0
61,Month-to-Month,Female,Bank Withdrawal,0,79.8,12,14,14.42,0
56,Two Year,Male,Bank Withdrawal,0,79.25,70,2,27.97,0
64,Two Year,Male,Bank Withdrawal,0,60,43,13,21.64,0
68,Month-to-Month,Male,Bank Withdrawal,1,105,3,18,35.43,0
36,One Year,Female,Credit Card,0,87.55,51,7,14.37,0
33,Two Year,Female,Mailed Check,0,81.3,64,4,16.61,0
23,One Year,Male,Bank Withdrawal,0,20,44,0,36.86,3
32,Month-to-Month,Male,Bank Withdrawal,0,53.8,27,15,41.48,0
58,Two Year,Male,Bank Withdrawal,1,106.5,69,11,26.88,0
34,Two Year,Female,Credit Card,0,35.1,21,4,0,0
39,Month-to-Month,Female,Bank Withdrawal,0,69.75,50,23,10.21,3
63,Month-to-Month,Female,Bank Withdrawal,1,75.8,3,23,5.2,0
59,Month-to-Month,Male,Bank Withdrawal,1,99.75,1,25,40.71,0
65,Month-to-Month,Female,Bank Withdrawal,1,94.3,4,23,49.5,0
66,One Year,Male,Bank Withdrawal,0,110.75,62,8,47.8,0
30,One Year,Female,Credit Card,0,56.05,26,71,35.75,0
62,Month-to-Month,Male,Bank Withdrawal,0,44,1,29,15.66,2
22,Month-to-Month,Male,Bank Withdrawal,1,84.75,36,42,43.97,0
44,Two Year,Female,Credit Card,0,60.3,68,15,0,0
40,Two Year,Male,Bank Withdrawal,0,82.5,58,24,29.93,2
40,Two Year,Female,Mailed Check,0,80.85,10,5,31.09,0
23,One Year,Female,Mailed Check,0,75.1,67,58,4.71,0
79,Two Year,Male,Bank Withdrawal,0,41.95,68,28,0,0
40,Month-to-Month,Female,Credit Card,0,25.05,5,53,0,3
22,Month-to-Month,Male,Bank Withdrawal,0,55.3,2,59,43.93,1
33,Month-to-Month,Male,Bank Withdrawal,1,105.7,28,13,30.48,0
68,Month-to-Month,Male,Bank Withdrawal,1,74.4,1,12,11.08,0
56,Month-to-Month,Male,Credit Card,0,50.7,1,14,38.05,0
80,Two Year,Female,Credit Card,0,101.3,57,17,36.89,0
33,Month-to-Month,Male,Bank Withdrawal,0,92.95,37,29,38.89,1
46,Month-to-Month,Male,Bank Withdrawal,1,59,22,17,49.43,0
63,Month-to-Month,Male,Credit Card,0,19.4,7,0,9.19,0
23,Two Year,Female,Bank Withdrawal,0,64.35,24,85,46.54,3
60,One Year,Female,Credit Card,0,45.9,15,25,0,0
46,Two Year,Female,Credit Card,0,20.4,14,0,14.61,0
38,Two Year,Male,Bank Withdrawal,0,103.75,72,22,16.5,0
44,Month-to-Month,Male,Credit Card,0,20.8,34,0,44.54,1
50,Two Year,Female,Bank Withdrawal,0,25.5,68,0,9.82,0
53,Two Year,Male,Bank Withdrawal,0,93.4,64,11,30.82,1
33,Month-to-Month,Male,Bank Withdrawal,1,92.5,5,25,3.25,0
30,Two Year,Male,Mailed Check,0,69.25,64,51,25.74,0
55,One Year,Female,Bank Withdrawal,0,24.45,46,0,35.46,0
27,One Year,Female,Credit Card,1,85.95,35,46,8.8,0
61,Month-to-Month,Female,Mailed Check,0,46.1,3,7,2.66,0
21,Month-to-Month,Female,Bank Withdrawal,1,100.2,30,82,11.73,0
22,Month-to-Month,Male,Bank Withdrawal,0,44.65,7,46,26.76,0
19,One Year,Female,Bank Withdrawal,0,93.7,61,69,10.21,0
49,Two Year,Female,Credit Card,0,38.8,15,23,0,0
66,One Year,Female,Credit Card,0,91.35,32,30,5.73,1
64,Month-to-Month,Female,Bank Withdrawal,0,55.2,4,17,7.49,0
38,Two Year,Female,Bank Withdrawal,0,76.05,71,10,9.4,1
33,One Year,Male,Bank Withdrawal,1,99.5,59,5,10.76,0
66,One Year,Male,Bank Withdrawal,0,86.8,23,2,42.59,0
38,One Year,Female,Mailed Check,0,24.85,41,0,32.66,0
67,Two Year,Male,Bank Withdrawal,0,85.55,5,15,18.38,0
54,Two Year,Female,Credit Card,0,20.2,38,0,26.84,1
67,Month-to-Month,Female,Credit Card,1,101.3,28,20,16.43,0
25,Month-to-Month,Male,Credit Card,0,49.7,24,73,38.68,0
23,One Year,Female,Credit Card,0,75.85,12,47,49.25,0
19,One Year,Male,Bank Withdrawal,0,70.95,44,48,29.61,0
38,Two Year,Female,Credit Card,0,93.2,71,23,12.12,0
69,Two Year,Male,Credit Card,0,112.9,72,14,30.3,0
65,Month-to-Month,Female,Bank Withdrawal,1,86,1,22,28.82,0
62,Two Year,Male,Credit Card,0,19.75,66,0,31.53,2
29,Month-to-Month,Female,Bank Withdrawal,1,85.45,17,26,47.76,0
51,Month-to-Month,Female,Bank Withdrawal,1,68.65,4,23,10.64,0
22,One Year,Male,Bank Withdrawal,0,64.65,56,59,48.32,0
22,Month-to-Month,Male,Credit Card,1,20.5,1,0,19.85,0
61,Two Year,Female,Credit Card,0,20.1,33,0,24.27,3
38,Month-to-Month,Male,Bank Withdrawal,0,89.55,67,53,6.15,3
24,Two Year,Male,Credit Card,0,20.25,10,0,13.16,0
55,Month-to-Month,Female,Bank Withdrawal,0,101.75,15,13,24.12,0
37,One Year,Male,Bank Withdrawal,0,106,40,28,29.46,0
22,Month-to-Month,Male,Bank Withdrawal,0,65.6,5,59,8.6,0
64,Month-to-Month,Male,Credit Card,0,91.5,35,10,23.85,0
64,Month-to-Month,Female,Bank Withdrawal,0,100.05,37,22,17.46,0
25,One Year,Female,Bank Withdrawal,0,24.35,48,0,13.67,0
56,Month-to-Month,Female,Bank Withdrawal,0,90.75,6,8,23.35,0
43,Month-to-Month,Female,Bank Withdrawal,0,74.15,18,13,11.36,0
63,One Year,Female,Bank Withdrawal,0,72.35,67,9,5.39,0
47,Month-to-Month,Female,Credit Card,0,25.55,14,0,31.7,1
56,Month-to-Month,Male,Bank Withdrawal,1,100.55,14,27,36.97,0
72,One Year,Female,Credit Card,0,63.85,66,5,36.48,0
19,One Year,Male,Credit Card,0,60.3,40,26,0,2
53,Month-to-Month,Male,Mailed Check,1,49.55,18,26,19.05,0
39,One Year,Male,Credit Card,0,44.8,68,19,0,2
70,Month-to-Month,Female,Mailed Check,1,74.45,15,19,44.07,2
23,One Year,Female,Credit Card,0,20.1,33,0,28.4,3
62,Month-to-Month,Female,Bank Withdrawal,0,25.75,35,0,24.76,1
26,Two Year,Female,Bank Withdrawal,0,20.25,36,0,42.51,2
35,Month-to-Month,Male,Credit Card,0,20.25,2,0,15.83,0
60,One Year,Female,Mailed Check,0,20.25,3,0,1.47,0
37,Month-to-Month,Female,Credit Card,0,24.9,1,13,0,0
63,Month-to-Month,Female,Bank Withdrawal,0,69.05,9,5,29.87,0
68,Month-to-Month,Male,Bank Withdrawal,1,106.9,13,11,32.68,0
40,Month-to-Month,Male,Bank Withdrawal,0,19.75,16,0,31.99,1
27,Month-to-Month,Male,Credit Card,1,75,3,52,34.49,0
33,One Year,Male,Mailed Check,1,73.9,33,4,33.32,0
80,Month-to-Month,Female,Credit Card,1,20.85,1,0,22.86,0
43,Two Year,Male,Credit Card,0,66.1,66,15,37.71,0
24,Two Year,Male,Credit Card,0,65.25,72,51,0,3
53,Month-to-Month,Male,Bank Withdrawal,1,91.85,3,21,43.72,0
19,Two Year,Male,Credit Card,0,25.25,63,0,24.5,3
44,One Year,Female,Credit Card,0,20.35,15,0,46.64,3
51,Month-to-Month,Female,Credit Card,0,19.3,7,0,7.32,0
47,One Year,Male,Credit Card,0,104.65,64,23,25.95,0
60,Two Year,Female,Credit Card,0,111.95,70,26,44.57,0
69,One Year,Female,Bank Withdrawal,0,84.45,62,3,19.52,0
75,Two Year,Male,Bank Withdrawal,0,44.4,7,26,0,0
61,Month-to-Month,Male,Bank Withdrawal,1,86,2,30,43.47,0
46,Two Year,Female,Credit Card,0,82.45,69,22,25.73,0
21,One Year,Male,Credit Card,0,20.1,33,0,49.37,0
30,Month-to-Month,Female,Mailed Check,1,58.5,9,48,0,0
71,One Year,Male,Bank Withdrawal,0,55.8,40,18,28.56,0
24,One Year,Female,Credit Card,0,20.35,69,0,23.47,2
49,Month-to-Month,Female,Credit Card,1,98.6,29,2,27.75,0
43,Month-to-Month,Male,Credit Card,0,60.65,3,11,22.49,0
46,Month-to-Month,Female,Bank Withdrawal,1,83.3,9,17,29.7,0
56,One Year,Female,Credit Card,0,26,26,0,33.47,0
50,Month-to-Month,Female,Credit Card,0,19.7,6,0,31.02,0
45,One Year,Male,Credit Card,0,20.7,30,0,22.89,0
28,Two Year,Female,Bank Withdrawal,0,104,67,59,12.54,1
30,One Year,Female,Bank Withdrawal,1,55.95,21,69,0,0
60,Month-to-Month,Male,Credit Card,0,103.85,21,3,15.89,0
47,Month-to-Month,Male,Bank Withdrawal,1,51.05,8,20,3.85,1
45,Month-to-Month,Female,Bank Withdrawal,0,64.8,18,28,42.45,3
20,One Year,Male,Credit Card,0,20.35,32,0,36.78,0
30,Month-to-Month,Male,Bank Withdrawal,0,20.15,16,0,38.55,3
31,One Year,Male,Bank Withdrawal,1,117.8,72,8,34.87,0
26,Two Year,Male,Bank Withdrawal,0,116.6,72,52,21.29,1
59,Month-to-Month,Female,Mailed Check,0,62.15,2,24,48.39,0
37,Month-to-Month,Male,Credit Card,0,64.4,3,7,38.05,0
46,One Year,Female,Credit Card,0,66.15,27,13,40.21,0
65,Month-to-Month,Female,Bank Withdrawal,1,84.95,26,3,18.26,0
50,Two Year,Male,Bank Withdrawal,0,59.75,57,22,49.29,0
56,Month-to-Month,Female,Credit Card,0,85.9,26,2,42.26,0
25,Month-to-Month,Male,Bank Withdrawal,0,29.1,24,51,0,0
52,Two Year,Female,Bank Withdrawal,0,99.15,69,19,45.35,0
68,One Year,Female,Credit Card,0,109.4,65,29,15.3,0
49,Two Year,Male,Bank Withdrawal,0,66.15,49,13,17.77,0
76,Month-to-Month,Male,Bank Withdrawal,1,49.15,52,18,0,0
59,Month-to-Month,Female,Credit Card,0,40.3,3,53,0,3
53,One Year,Male,Bank Withdrawal,1,103.45,31,30,9.27,0
49,Month-to-Month,Male,Bank Withdrawal,1,89.55,2,23,8.86,0
43,Two Year,Female,Credit Card,0,90.45,65,14,28.46,1
64,One Year,Female,Credit Card,0,51.45,14,12,24.04,0
42,Two Year,Male,Bank Withdrawal,0,104.8,63,76,40.73,3
65,Month-to-Month,Female,Credit Card,0,103.6,18,3,1.27,0
30,Month-to-Month,Female,Bank Withdrawal,1,79.35,1,52,23.63,0
22,Month-to-Month,Male,Bank Withdrawal,0,75.05,10,26,17.98,0
47,Month-to-Month,Female,Bank Withdrawal,1,75.6,23,23,27.61,0
55,Month-to-Month,Male,Credit Card,0,62.8,1,29,42.19,0
48,Month-to-Month,Female,Credit Card,0,35.5,16,53,0,3
59,Two Year,Male,Mailed Check,0,20.7,42,0,32.02,1
66,One Year,Female,Bank Withdrawal,0,76.25,55,19,34.57,1
60,Month-to-Month,Female,Bank Withdrawal,0,83.2,15,29,10.43,0
49,Month-to-Month,Male,Credit Card,0,19.1,3,0,16.32,0
67,One Year,Female,Bank Withdrawal,0,104.9,66,30,39.38,1
49,Month-to-Month,Male,Mailed Check,1,69.9,1,28,4.99,0
25,One Year,Female,Bank Withdrawal,0,50.7,61,59,0,1
64,One Year,Female,Credit Card,0,68.1,37,11,30.36,0
56,Month-to-Month,Female,Bank Withdrawal,0,63.05,16,23,42.73,0
71,Month-to-Month,Female,Bank Withdrawal,1,85,1,8,42.5,0
26,Month-to-Month,Male,Bank Withdrawal,0,91,28,59,45.24,0
75,Month-to-Month,Female,Credit Card,1,50.15,2,20,6.86,0
68,Month-to-Month,Female,Credit Card,0,56.55,2,25,31.74,0
60,Month-to-Month,Female,Bank Withdrawal,0,68.65,21,11,30.59,0
65,Two Year,Female,Bank Withdrawal,0,55,57,26,0,0
23,One Year,Male,Bank Withdrawal,0,19.6,10,0,39.35,0
67,One Year,Male,Bank Withdrawal,0,25,51,0,3.11,0
37,Month-to-Month,Male,Bank Withdrawal,0,87.95,6,12,43.37,0
23,One Year,Male,Credit Card,0,24.35,7,48,0,0
40,Month-to-Month,Female,Bank Withdrawal,1,81,16,12,12.92,0
42,Month-to-Month,Male,Bank Withdrawal,0,19,18,0,33.16,0
59,One Year,Female,Credit Card,0,73.7,69,21,7.84,3
61,Month-to-Month,Male,Bank Withdrawal,1,34.5,7,30,0,6
24,One Year,Male,Credit Card,1,72.45,65,51,26.75,0
43,Month-to-Month,Male,Credit Card,0,20.35,11,0,47.88,0
39,Month-to-Month,Female,Bank Withdrawal,1,76.4,2,25,41.64,0
62,Month-to-Month,Female,Bank Withdrawal,1,100.25,10,30,24.48,2
38,Month-to-Month,Male,Credit Card,0,90.7,20,27,25.41,0
34,Month-to-Month,Female,Credit Card,0,20.05,33,0,4.15,0
58,One Year,Male,Bank Withdrawal,1,106.1,28,24,9.62,0
50,One Year,Female,Credit Card,0,19.25,22,0,35.4,0
25,Two Year,Female,Credit Card,0,73.35,10,59,5.59,3
45,Two Year,Female,Credit Card,0,26.1,67,0,43.3,0
32,One Year,Female,Bank Withdrawal,0,75.1,37,23,1.12,2
79,One Year,Male,Bank Withdrawal,0,104.45,52,11,39,0
24,Two Year,Male,Credit Card,0,20.35,45,0,39.03,2
28,Month-to-Month,Male,Bank Withdrawal,1,85.35,9,58,49.14,0
61,Two Year,Male,Bank Withdrawal,0,20.05,46,0,30.25,0
47,Month-to-Month,Male,Credit Card,1,83.55,6,6,26.91,0
46,Month-to-Month,Female,Credit Card,0,50.95,5,26,0,0
77,Month-to-Month,Female,Bank Withdrawal,1,106.75,37,2,41.85,0
30,One Year,Male,Credit Card,0,89.6,40,69,32.27,0
47,Month-to-Month,Female,Credit Card,0,19.9,19,0,32.03,0
29,Two Year,Male,Credit Card,0,63.35,54,59,36.09,3
57,Month-to-Month,Female,Credit Card,0,20.35,2,0,2.46,0
73,Two Year,Female,Bank Withdrawal,0,80.35,14,3,7.34,0
61,Month-to-Month,Female,Credit Card,1,81,5,23,20.2,0
28,Two Year,Male,Bank Withdrawal,0,84.95,60,85,49.96,1
39,Two Year,Female,Credit Card,0,25.25,12,0,39.59,2
46,One Year,Male,Credit Card,0,114.35,50,21,19.8,0
45,One Year,Male,Bank Withdrawal,0,86.9,57,26,36.08,0
79,One Year,Male,Credit Card,0,19.85,9,0,22.79,0
30,Month-to-Month,Male,Credit Card,0,20.05,1,0,11.1,0
72,One Year,Female,Bank Withdrawal,0,105.55,70,24,33.74,0
63,Two Year,Male,Credit Card,0,19.85,48,0,32.04,0
62,Month-to-Month,Male,Bank Withdrawal,1,54.45,22,7,7.28,0
34,Month-to-Month,Male,Credit Card,0,19.45,1,0,29.15,0
76,One Year,Male,Bank Withdrawal,0,70.95,65,20,28.68,0
44,Two Year,Male,Credit Card,0,20.05,48,0,33.06,0
79,One Year,Female,Bank Withdrawal,0,25.2,50,0,31.43,0
48,One Year,Male,Credit Card,0,19.65,15,0,17.28,3
55,Two Year,Male,Credit Card,0,92,72,5,5.32,0
53,One Year,Male,Bank Withdrawal,1,118.35,67,27,22.66,0
23,Month-to-Month,Female,Bank Withdrawal,1,96.05,18,26,35.7,0
63,One Year,Male,Bank Withdrawal,1,90.4,25,4,35.27,0
72,Month-to-Month,Female,Bank Withdrawal,1,101.25,27,13,45.82,0
53,Month-to-Month,Male,Bank Withdrawal,1,110.1,10,6,18.03,0
46,One Year,Male,Bank Withdrawal,0,98.25,50,16,38.29,0
39,Month-to-Month,Male,Credit Card,0,36,21,9,0,0
47,One Year,Female,Bank Withdrawal,1,103.75,33,24,15.66,0
69,Two Year,Male,Credit Card,0,85.05,16,6,48.41,0
31,Two Year,Female,Bank Withdrawal,0,19.35,63,0,41.84,3
25,Two Year,Male,Credit Card,0,25,59,0,25.89,0
42,Month-to-Month,Male,Mailed Check,1,71.55,1,10,17.27,0
57,One Year,Male,Credit Card,0,74.8,24,10,8.67,1
51,Month-to-Month,Female,Bank Withdrawal,1,79.05,6,27,19.74,0
80,Two Year,Female,Bank Withdrawal,0,59.45,33,16,0,0
69,Month-to-Month,Female,Bank Withdrawal,1,100.8,13,28,7.22,0
73,Two Year,Male,Credit Card,0,108.5,63,18,37.12,0
45,Month-to-Month,Male,Bank Withdrawal,0,50.95,12,9,0,0
22,One Year,Female,Credit Card,0,20.05,38,0,40.64,0
61,Month-to-Month,Male,Bank Withdrawal,1,94.95,2,2,26.05,0
31,Month-to-Month,Male,Bank Withdrawal,0,76.55,28,5,21.91,0
30,Month-to-Month,Male,Bank Withdrawal,0,93.85,49,26,47.17,0
77,Month-to-Month,Female,Bank Withdrawal,0,43.85,64,21,0,0
60,Two Year,Male,Bank Withdrawal,0,87.1,54,26,18.54,0
54,Two Year,Male,Credit Card,0,114.75,70,75,39.06,3
32,Month-to-Month,Male,Credit Card,0,48.75,1,22,26.26,2
51,Month-to-Month,Female,Credit Card,0,49.2,31,15,1.2,0
40,Two Year,Female,Credit Card,0,75.95,59,22,8.28,0
54,Month-to-Month,Male,Credit Card,0,54.75,27,53,36.19,6
69,Two Year,Female,Bank Withdrawal,0,92.45,67,21,2.57,0
28,One Year,Male,Credit Card,0,20.05,47,0,6.51,1
45,Two Year,Female,Bank Withdrawal,0,25.25,72,0,49.51,0
42,Month-to-Month,Male,Bank Withdrawal,1,101.35,15,12,45.92,0
21,Month-to-Month,Male,Mailed Check,1,24.05,1,0,20.26,0
48,One Year,Female,Credit Card,0,104.55,21,27,36.31,0
66,One Year,Male,Bank Withdrawal,0,75.35,4,29,36.4,0
30,Month-to-Month,Female,Bank Withdrawal,0,31.2,29,59,0,0
80,Two Year,Female,Bank Withdrawal,0,90.95,32,4,31.57,0
61,Month-to-Month,Male,Bank Withdrawal,0,20.4,40,0,1.89,1
22,Two Year,Male,Bank Withdrawal,0,25.1,65,0,20.43,0
50,Month-to-Month,Male,Bank Withdrawal,1,73.9,4,30,33.65,0
65,Two Year,Female,Mailed Check,0,48.75,4,15,31.13,0
23,Month-to-Month,Female,Bank Withdrawal,0,88.85,18,59,18.55,0
66,Two Year,Female,Credit Card,0,19.6,51,0,47.46,0
43,Two Year,Female,Credit Card,0,90.55,71,20,41.71,3
49,Month-to-Month,Male,Bank Withdrawal,1,45.3,1,28,34.37,0
41,Month-to-Month,Female,Credit Card,0,20.25,26,0,24.44,1
56,One Year,Male,Bank Withdrawal,0,24.9,46,0,18.45,0
45,Two Year,Female,Credit Card,0,20.6,59,0,2.47,2
43,Month-to-Month,Male,Bank Withdrawal,1,94.45,5,24,39.36,0
20,Month-to-Month,Male,Bank Withdrawal,1,86.1,14,42,7.26,0
40,Two Year,Female,Credit Card,0,20.15,50,0,18.95,3
19,Month-to-Month,Female,Mailed Check,0,48.25,4,30,0,0
45,Month-to-Month,Male,Mailed Check,0,50.5,3,25,26.38,0
38,Month-to-Month,Male,Bank Withdrawal,0,56.4,4,30,20.76,0
47,Two Year,Male,Credit Card,0,60.15,62,15,33.7,0
75,Two Year,Male,Bank Withdrawal,0,72.25,37,7,23.54,0
59,Month-to-Month,Male,Credit Card,0,50.35,27,9,18.51,0
47,Month-to-Month,Male,Credit Card,1,45.85,1,6,14.9,0
29,One Year,Male,Credit Card,0,51.55,26,59,24.67,0
52,Month-to-Month,Male,Credit Card,1,95.15,18,28,1.51,0
61,Two Year,Female,Credit Card,0,53.8,72,14,0,1
44,Two Year,Male,Credit Card,0,71.6,58,25,40.57,3
20,Month-to-Month,Female,Credit Card,0,80,22,41,45.1,0
50,Month-to-Month,Female,Bank Withdrawal,0,45.55,46,30,0,0
37,Two Year,Male,Bank Withdrawal,0,104.4,64,14,45.82,0
27,One Year,Male,Bank Withdrawal,0,114.3,66,73,4.32,0
34,Two Year,Female,Bank Withdrawal,0,19.9,71,0,12.22,1
22,Two Year,Male,Credit Card,0,74.5,63,73,42.17,2
61,Two Year,Female,Bank Withdrawal,0,74.35,72,53,17.21,3
35,One Year,Female,Credit Card,0,57.95,52,5,33.84,0
78,Two Year,Male,Bank Withdrawal,0,64.8,72,24,0,0
73,Month-to-Month,Male,Credit Card,1,86.85,2,11,4.19,0
19,Month-to-Month,Female,Bank Withdrawal,0,90.7,16,52,27.83,0
19,Two Year,Female,Credit Card,0,19.5,8,0,13.21,2
23,Two Year,Male,Credit Card,0,65.65,46,41,46.71,0
33,Two Year,Male,Credit Card,0,19.3,59,0,25.57,0
22,Month-to-Month,Male,Credit Card,1,54.4,2,73,44.31,0
24,One Year,Male,Credit Card,0,52,56,41,0,2
20,Month-to-Month,Female,Bank Withdrawal,0,24.7,7,76,0,2
70,Two Year,Female,Bank Withdrawal,0,85.2,8,29,44.63,0
33,Two Year,Female,Credit Card,0,45.25,65,25,0,2
49,Two Year,Female,Credit Card,0,74,67,16,43.01,2
51,Month-to-Month,Female,Bank Withdrawal,0,29.05,2,27,0,2
36,Two Year,Male,Bank Withdrawal,0,24.25,70,0,28.54,0
49,One Year,Male,Credit Card,0,87.7,19,2,43.11,0
57,Two Year,Female,Bank Withdrawal,0,84.85,65,17,41.74,0
79,Month-to-Month,Male,Bank Withdrawal,1,96.8,21,7,42.27,0
33,Month-to-Month,Female,Credit Card,0,49.9,28,30,41.41,1
26,One Year,Male,Bank Withdrawal,0,19.9,47,0,43.2,0
25,Month-to-Month,Female,Bank Withdrawal,0,94.9,41,59,43.19,3
19,One Year,Female,Bank Withdrawal,0,111.5,51,82,43.79,0
19,Month-to-Month,Male,Bank Withdrawal,0,81.05,1,85,36.32,3
62,Month-to-Month,Female,Bank Withdrawal,1,68.65,1,28,12.4,0
27,Two Year,Male,Credit Card,0,19.65,54,0,25.72,0
79,Two Year,Female,Bank Withdrawal,0,104.5,48,75,13.4,3
38,Two Year,Male,Bank Withdrawal,0,99.55,68,28,38.75,3
42,Month-to-Month,Male,Bank Withdrawal,0,66.25,43,17,26.1,0
34,Month-to-Month,Female,Bank Withdrawal,1,94.75,9,26,10.07,0
40,Month-to-Month,Male,Bank Withdrawal,0,59.55,19,18,11.85,0
42,Two Year,Female,Bank Withdrawal,0,24.7,71,0,19.49,1
63,Month-to-Month,Male,Mailed Check,0,78,11,23,47.12,2
39,Month-to-Month,Male,Bank Withdrawal,1,80.8,9,7,20.34,0
70,Month-to-Month,Male,Bank Withdrawal,0,70.1,2,24,34.99,0
25,Two Year,Male,Mailed Check,0,40.05,70,59,0,0
54,Two Year,Male,Bank Withdrawal,0,109.3,52,30,20.8,0
61,Month-to-Month,Male,Credit Card,0,19.1,1,0,44.22,0
39,Month-to-Month,Male,Bank Withdrawal,0,48.8,14,24,21.34,0
21,Two Year,Female,Mailed Check,0,19.55,13,0,42.23,3
35,One Year,Female,Mailed Check,1,100.45,49,19,26.37,0
58,Two Year,Female,Credit Card,0,75.55,63,30,6.33,0
76,Month-to-Month,Female,Bank Withdrawal,1,45,3,6,30.14,0
26,Two Year,Male,Bank Withdrawal,0,85.4,38,59,17.52,2
52,One Year,Female,Credit Card,0,20.4,4,0,32.15,1
54,Month-to-Month,Male,Bank Withdrawal,1,35.9,1,29,0,0
29,Month-to-Month,Male,Credit Card,0,60.9,6,71,45.67,0
47,Month-to-Month,Male,Bank Withdrawal,0,65.75,17,5,47.45,0
44,Month-to-Month,Male,Bank Withdrawal,1,101.35,22,19,10.33,0
40,Month-to-Month,Female,Bank Withdrawal,0,86.2,54,12,4.33,2
41,Month-to-Month,Female,Bank Withdrawal,1,44.05,11,30,24.83,0
56,One Year,Male,Credit Card,0,20.45,23,0,46.17,0
66,One Year,Male,Bank Withdrawal,0,82.15,61,2,26.55,0
62,One Year,Male,Credit Card,0,55.35,29,57,0,3
51,Month-to-Month,Male,Bank Withdrawal,0,75.5,25,58,4.46,3
29,One Year,Male,Bank Withdrawal,0,55.35,49,52,42.19,0
78,Month-to-Month,Female,Bank Withdrawal,0,99.05,35,7,31.64,0
31,Two Year,Female,Credit Card,0,86.45,70,5,31.15,0
20,Month-to-Month,Male,Bank Withdrawal,0,101.4,31,76,19.38,0
61,Two Year,Female,Bank Withdrawal,0,110.8,68,14,46.7,0
46,Month-to-Month,Female,Bank Withdrawal,0,93.5,23,23,18.12,0
60,Month-to-Month,Male,Bank Withdrawal,0,81.15,31,12,42.05,0
32,Month-to-Month,Male,Bank Withdrawal,1,74.35,1,2,14.02,0
34,Month-to-Month,Male,Bank Withdrawal,0,50.1,9,29,27.64,2
31,Two Year,Male,Credit Card,0,25.5,25,0,23.69,3
24,Month-to-Month,Male,Credit Card,0,18.9,1,0,49.51,0
42,One Year,Female,Credit Card,0,19.3,32,0,45.26,0
36,Month-to-Month,Male,Bank Withdrawal,1,70.3,10,23,31.72,0
46,One Year,Male,Mailed Check,0,35.6,29,8,0,0
54,One Year,Female,Bank Withdrawal,0,19.85,37,0,15.51,0
56,Two Year,Male,Bank Withdrawal,0,20.4,31,0,25.58,0
41,Two Year,Female,Bank Withdrawal,0,19.8,70,0,11.71,0
44,One Year,Male,Bank Withdrawal,1,59.8,12,23,9.6,0
59,One Year,Female,Bank Withdrawal,0,89,66,8,37.38,0
61,One Year,Male,Bank Withdrawal,1,60.45,53,13,0,0
21,Month-to-Month,Female,Credit Card,0,20.45,15,0,12.41,0
50,Two Year,Male,Bank Withdrawal,0,99,71,6,44.06,0
23,Month-to-Month,Male,Mailed Check,1,74.65,7,71,21.58,0
27,Month-to-Month,Female,Bank Withdrawal,0,19.85,2,0,36.05,0
41,One Year,Female,Credit Card,0,80.75,40,19,33.83,0
76,Month-to-Month,Male,Bank Withdrawal,0,24.95,54,4,0,0
41,Month-to-Month,Male,Credit Card,0,25,1,0,3.39,0
54,Two Year,Male,Bank Withdrawal,0,19.3,69,0,17.74,0
58,One Year,Male,Bank Withdrawal,1,96.75,62,9,22.64,0
47,Month-to-Month,Female,Bank Withdrawal,1,90.8,26,11,15.37,0
70,Month-to-Month,Female,Bank Withdrawal,1,73.9,31,2,15.43,0
54,Month-to-Month,Female,Bank Withdrawal,0,43.8,12,17,6.56,0
54,Month-to-Month,Female,Bank Withdrawal,0,50.9,45,18,0,2
61,Two Year,Female,Bank Withdrawal,0,100.5,71,19,36.5,2
42,Two Year,Male,Credit Card,0,19.55,64,0,38.96,0
30,One Year,Male,Bank Withdrawal,0,89.45,64,48,13.8,0
76,One Year,Female,Credit Card,0,101.55,49,14,24.84,0
67,One Year,Male,Bank Withdrawal,0,102.1,64,26,10.07,0
35,Month-to-Month,Male,Bank Withdrawal,1,74.35,11,19,9.14,0
80,Two Year,Female,Bank Withdrawal,0,104.1,30,21,41.93,0
43,One Year,Male,Credit Card,0,19.5,55,0,36.23,3
35,One Year,Male,Credit Card,0,109.2,49,58,4.76,3
19,Two Year,Male,Credit Card,0,19.35,15,0,46.47,3
21,Month-to-Month,Female,Bank Withdrawal,0,20,1,0,6.86,3
29,Month-to-Month,Female,Mailed Check,0,56.15,27,53,1.31,0
37,One Year,Male,Mailed Check,1,79.45,31,3,6.71,0
75,Month-to-Month,Female,Bank Withdrawal,1,84.55,7,12,21.43,0
78,Month-to-Month,Male,Bank Withdrawal,1,98,13,4,27.82,0
31,Month-to-Month,Male,Bank Withdrawal,0,80.5,17,8,46.71,0
54,Month-to-Month,Female,Mailed Check,1,19.45,1,0,28.73,2
21,Month-to-Month,Male,Credit Card,0,89.15,46,73,37.75,0
57,One Year,Male,Credit Card,0,54.65,57,20,9.32,0
22,Month-to-Month,Male,Credit Card,0,65.55,4,59,13.31,0
46,One Year,Male,Credit Card,0,100.55,29,23,49.92,0
62,Two Year,Female,Credit Card,0,26.1,29,0,5.35,2
26,Two Year,Male,Credit Card,0,25.6,52,0,23.12,1
30,Month-to-Month,Female,Bank Withdrawal,1,21,1,0,16.66,0
48,Month-to-Month,Female,Bank Withdrawal,0,89.4,20,21,30.52,0
42,Two Year,Male,Credit Card,0,20.4,54,0,19.7,3
43,One Year,Male,Credit Card,0,89.6,18,2,34.78,0
61,One Year,Male,Bank Withdrawal,0,73.45,35,20,13.39,0
44,Two Year,Female,Bank Withdrawal,0,25,13,0,35.19,3
31,One Year,Male,Credit Card,1,90.6,67,5,30.75,0
42,Month-to-Month,Female,Mailed Check,0,29.75,10,8,0,0
23,Month-to-Month,Female,Mailed Check,1,74.6,1,47,22.16,0
61,Two Year,Female,Bank Withdrawal,0,37.7,60,2,0,0
60,Month-to-Month,Male,Bank Withdrawal,1,55.25,31,6,1.53,0
43,Month-to-Month,Female,Bank Withdrawal,1,70.1,1,25,17.37,0
21,Month-to-Month,Female,Bank Withdrawal,1,95.2,3,42,23.26,0
21,Two Year,Female,Bank Withdrawal,0,19.65,47,0,45.9,0
32,Month-to-Month,Female,Bank Withdrawal,1,83.55,8,25,32.32,0
59,Two Year,Female,Bank Withdrawal,0,80.45,72,27,6.23,0
60,One Year,Male,Bank Withdrawal,0,24.8,62,0,16.48,1
50,One Year,Female,Credit Card,0,24.9,64,0,19.23,1
48,Month-to-Month,Female,Bank Withdrawal,1,20.2,1,0,43.52,0
73,Month-to-Month,Female,Bank Withdrawal,1,93.85,26,26,9.28,0
46,Month-to-Month,Male,Mailed Check,0,19.7,6,0,27.78,1
46,Two Year,Male,Bank Withdrawal,1,94.1,61,11,26.94,0
25,Month-to-Month,Female,Bank Withdrawal,0,90.15,27,59,18.74,0
65,Month-to-Month,Male,Bank Withdrawal,1,71.65,1,12,28.46,0
21,Month-to-Month,Female,Bank Withdrawal,1,101.1,59,48,9.23,0
37,One Year,Male,Credit Card,0,59.6,57,58,14.55,3
62,Month-to-Month,Female,Bank Withdrawal,0,74.95,29,17,5.39,0
23,Two Year,Male,Credit Card,0,19.7,72,0,27.97,0
34,One Year,Male,Bank Withdrawal,1,73,41,29,15.91,0
36,Month-to-Month,Female,Bank Withdrawal,0,67.8,13,30,28.45,0
77,Month-to-Month,Female,Bank Withdrawal,1,28.45,5,26,0,0
55,Month-to-Month,Male,Bank Withdrawal,1,30.45,8,4,0,0
71,Month-to-Month,Male,Bank Withdrawal,1,89.8,10,24,16.88,0
52,One Year,Male,Bank Withdrawal,1,106,61,21,46.95,0
44,One Year,Female,Credit Card,0,99.65,63,16,1.43,0
68,Two Year,Female,Mailed Check,0,79.3,32,11,2.17,0
28,Month-to-Month,Female,Bank Withdrawal,1,45.3,48,58,0,0
23,Month-to-Month,Female,Bank Withdrawal,1,105.3,6,58,27.44,0
41,Month-to-Month,Male,Bank Withdrawal,0,80,40,27,39.22,0
37,One Year,Male,Bank Withdrawal,0,106.15,70,28,3.67,3
54,Two Year,Male,Credit Card,0,20.2,46,0,45.92,1
37,Two Year,Male,Credit Card,0,20.55,60,0,15.65,3
58,Two Year,Female,Credit Card,0,35.4,13,13,0,0
22,Two Year,Male,Bank Withdrawal,0,105.55,72,59,8.33,3
25,Two Year,Male,Credit Card,0,64.45,72,48,32.67,0
47,Two Year,Male,Credit Card,0,19.7,63,0,3.65,1
27,Month-to-Month,Female,Credit Card,1,58.6,25,48,0,0
43,Two Year,Male,Mailed Check,0,19.6,21,0,16.81,0
56,Month-to-Month,Male,Bank Withdrawal,1,69.9,1,12,45.5,0
76,Month-to-Month,Female,Bank Withdrawal,0,83.85,27,21,3.43,0
25,One Year,Female,Bank Withdrawal,0,74.6,57,27,6.63,0
44,Month-to-Month,Male,Mailed Check,1,36.85,3,21,0,0
19,Month-to-Month,Female,Mailed Check,0,19.5,2,0,27.17,0
60,Month-to-Month,Male,Bank Withdrawal,0,80.35,3,26,49.63,0
69,Two Year,Male,Bank Withdrawal,1,108.4,69,4,48.88,0
65,One Year,Female,Bank Withdrawal,0,45.55,66,9,0,0
49,One Year,Male,Credit Card,0,19.8,15,0,5.54,0
38,Month-to-Month,Male,Bank Withdrawal,0,72.8,46,26,41.1,0
61,Month-to-Month,Female,Credit Card,0,69,2,23,27.41,0
44,Month-to-Month,Male,Bank Withdrawal,1,76.95,3,23,38.38,0
23,Month-to-Month,Female,Bank Withdrawal,0,89.75,6,42,34.42,0
55,One Year,Male,Credit Card,1,106.1,48,4,24.73,0
41,Two Year,Female,Bank Withdrawal,0,24.55,72,0,8.98,0
62,Two Year,Male,Credit Card,0,25.75,72,0,40.04,0
49,Month-to-Month,Male,Bank Withdrawal,0,88.05,9,21,22.41,0
51,Month-to-Month,Female,Bank Withdrawal,0,94.9,3,7,2.97,0
37,One Year,Male,Bank Withdrawal,0,92.2,28,30,13.19,3
19,Month-to-Month,Female,Credit Card,0,25.15,1,52,0,0
39,Month-to-Month,Male,Bank Withdrawal,0,19.2,12,0,25.33,1
52,Two Year,Male,Credit Card,0,19.8,71,0,23.34,2
75,Month-to-Month,Male,Bank Withdrawal,1,73.55,1,6,36.92,0
46,One Year,Male,Bank Withdrawal,0,96.5,61,2,21.96,0
71,One Year,Male,Bank Withdrawal,0,45.25,1,12,11.89,0
47,Month-to-Month,Female,Bank Withdrawal,1,88.35,18,23,12.67,0
19,One Year,Male,Credit Card,0,20.8,24,0,25.84,2
56,Two Year,Male,Credit Card,0,38.6,62,29,0,0
35,One Year,Female,Credit Card,0,78.65,51,4,25.45,0
74,Two Year,Female,Bank Withdrawal,0,96.85,13,24,26.68,0
59,One Year,Female,Bank Withdrawal,1,19.8,12,0,37.65,0
48,Month-to-Month,Male,Credit Card,0,69.95,2,19,29.1,2
48,Two Year,Female,Credit Card,0,19.65,40,0,26.03,0
65,Two Year,Female,Bank Withdrawal,0,24.3,72,0,8.68,0
71,Two Year,Female,Bank Withdrawal,0,73.55,18,24,7.51,0
58,One Year,Male,Bank Withdrawal,0,81.7,27,4,49.25,0
69,Month-to-Month,Female,Bank Withdrawal,1,71.05,50,24,4.6,0
45,Two Year,Male,Credit Card,0,18.8,57,0,19.69,0
19,Month-to-Month,Male,Bank Withdrawal,0,111.35,59,51,48.12,0
67,Month-to-Month,Male,Bank Withdrawal,0,105.8,28,15,24.35,0
72,Two Year,Male,Credit Card,0,45.75,7,17,41.14,1
54,Month-to-Month,Female,Mailed Check,1,50.6,5,2,37.1,0
38,Month-to-Month,Female,Credit Card,1,19.6,3,0,13.28,0
58,Month-to-Month,Male,Credit Card,0,19.75,2,0,1.97,0
54,One Year,Female,Credit Card,0,36.05,11,17,0,1
25,Two Year,Female,Credit Card,0,84.35,42,52,9.84,0
35,Month-to-Month,Female,Bank Withdrawal,1,99.5,25,8,48.42,0
21,One Year,Female,Mailed Check,0,54.6,11,41,1.16,0
51,Month-to-Month,Female,Bank Withdrawal,1,64.65,15,26,47.57,0
68,One Year,Male,Credit Card,1,88.4,44,14,24.62,0
28,Month-to-Month,Female,Bank Withdrawal,0,60.85,2,82,15.25,0
49,One Year,Male,Credit Card,0,19.7,4,0,23.04,0
32,One Year,Female,Credit Card,0,60.25,56,22,30.86,0
40,Month-to-Month,Female,Bank Withdrawal,0,25.25,1,2,0,0
24,One Year,Male,Bank Withdrawal,1,85.55,59,52,6.91,0
27,One Year,Male,Credit Card,0,20.65,20,0,46.47,0
55,One Year,Female,Credit Card,0,58.9,47,5,26.35,0
50,One Year,Male,Bank Withdrawal,0,51.35,41,8,0,0
58,Month-to-Month,Female,Bank Withdrawal,1,89.5,6,25,47.92,0
53,Two Year,Female,Bank Withdrawal,0,84.8,70,24,9.28,0
48,Two Year,Female,Bank Withdrawal,0,19.5,8,0,17.2,3
75,Month-to-Month,Male,Bank Withdrawal,1,80.2,15,5,12.08,0
77,Two Year,Female,Bank Withdrawal,0,86.45,27,4,2.97,0
67,Two Year,Female,Bank Withdrawal,0,69.85,57,30,11.23,0
61,Two Year,Female,Credit Card,0,64.2,46,6,37.02,0
58,Two Year,Female,Bank Withdrawal,0,80.55,31,2,28.52,0
51,Two Year,Male,Bank Withdrawal,0,46.2,54,7,0,0
38,Month-to-Month,Male,Credit Card,0,64.2,2,26,4.41,0
49,Month-to-Month,Male,Bank Withdrawal,0,44.05,1,10,30.73,0
26,Month-to-Month,Female,Credit Card,0,20.45,38,0,2.86,2
35,Two Year,Male,Credit Card,0,19.5,59,0,18.75,2
38,Two Year,Male,Credit Card,0,62.65,68,24,36.51,1
44,One Year,Female,Credit Card,1,106.95,53,4,29.8,0
42,Month-to-Month,Female,Credit Card,0,19.2,8,0,14.32,0
28,Month-to-Month,Male,Bank Withdrawal,0,67.45,40,58,39.05,0
64,Month-to-Month,Male,Bank Withdrawal,1,29.85,2,11,0,0
49,Two Year,Female,Bank Withdrawal,0,66.9,66,11,44.4,0
78,Month-to-Month,Male,Bank Withdrawal,1,99.8,41,15,22.56,0
28,Month-to-Month,Male,Bank Withdrawal,0,19.45,8,0,1.95,3
30,Month-to-Month,Male,Mailed Check,1,29.7,1,69,0,0
26,Two Year,Male,Bank Withdrawal,0,106.3,52,51,49.82,0
32,Two Year,Female,Bank Withdrawal,0,35.05,25,75,0,3
39,Month-to-Month,Female,Bank Withdrawal,1,87.45,34,4,40.78,0
38,Month-to-Month,Male,Credit Card,0,50,20,4,49.81,0
73,Month-to-Month,Male,Bank Withdrawal,1,83.85,9,13,10.04,0
42,Two Year,Female,Bank Withdrawal,0,111.6,72,13,24.19,0
60,One Year,Female,Bank Withdrawal,0,83.15,24,53,41.45,3
57,One Year,Female,Credit Card,0,19.8,10,0,2.84,0
29,Two Year,Female,Credit Card,0,54.2,67,51,0,2
68,One Year,Male,Credit Card,0,54,20,21,22.31,0
29,Two Year,Male,Bank Withdrawal,0,116.1,71,27,33.83,0
31,One Year,Female,Credit Card,0,19.2,8,0,31.02,0
25,Month-to-Month,Female,Bank Withdrawal,1,90.8,5,51,1.49,0
20,Month-to-Month,Male,Bank Withdrawal,0,81.3,27,69,25.51,0
76,Two Year,Female,Bank Withdrawal,0,108.95,64,24,22.86,0
78,Month-to-Month,Female,Bank Withdrawal,1,100.8,1,23,17.35,0
39,Two Year,Male,Credit Card,0,23.55,48,0,11.86,1
31,Two Year,Male,Bank Withdrawal,0,99.35,65,20,30.44,0
34,Two Year,Female,Bank Withdrawal,0,19.3,41,0,21.28,1
52,Month-to-Month,Male,Bank Withdrawal,1,74.35,4,13,47.82,0
70,Two Year,Female,Credit Card,0,89.1,72,13,24.44,0
22,Month-to-Month,Female,Credit Card,1,25.4,15,0,45.84,0
71,Month-to-Month,Male,Bank Withdrawal,1,73.65,20,24,5.37,0
62,Two Year,Male,Credit Card,0,79.15,43,18,41.08,0
53,Month-to-Month,Male,Bank Withdrawal,0,59.2,20,17,33.14,0
61,One Year,Female,Bank Withdrawal,0,20.55,32,0,35.97,0
35,One Year,Female,Credit Card,0,59,28,7,33.05,0
33,Two Year,Male,Credit Card,0,59.7,23,17,13.79,0
28,Month-to-Month,Male,Credit Card,0,20.45,1,0,42.17,0
71,Month-to-Month,Female,Bank Withdrawal,1,92.1,8,9,42.93,0
20,Month-to-Month,Female,Bank Withdrawal,0,74.55,3,73,10.1,0
75,Month-to-Month,Female,Bank Withdrawal,1,74.4,6,27,8.91,0
23,Month-to-Month,Male,Bank Withdrawal,0,56.75,10,73,30.3,0
66,Month-to-Month,Male,Bank Withdrawal,1,45.3,58,24,0,0
46,Month-to-Month,Female,Bank Withdrawal,1,90.15,11,3,22.36,0
44,Two Year,Female,Bank Withdrawal,0,65.7,72,23,0,2
20,One Year,Female,Bank Withdrawal,0,96,63,51,20.51,0
49,Month-to-Month,Male,Mailed Check,1,44.65,1,19,0,0
53,Month-to-Month,Female,Bank Withdrawal,0,39.2,22,19,0,1
68,One Year,Female,Bank Withdrawal,0,54.8,13,20,10.51,0
36,Two Year,Male,Bank Withdrawal,0,59,63,5,0,0
49,Two Year,Female,Bank Withdrawal,0,88.05,72,24,38.28,0
31,One Year,Female,Bank Withdrawal,0,54.55,40,28,0,0
38,Month-to-Month,Male,Credit Card,0,63.95,5,5,13.96,0
73,Two Year,Female,Bank Withdrawal,0,114.65,72,27,4.59,0
44,Month-to-Month,Female,Bank Withdrawal,1,79.75,2,16,8.32,0
25,Month-to-Month,Female,Credit Card,0,45.3,1,41,47.36,0
44,One Year,Male,Bank Withdrawal,0,99.4,50,18,26.06,0
38,One Year,Female,Credit Card,0,19.9,24,0,4.47,3
58,Month-to-Month,Male,Bank Withdrawal,0,49.05,12,12,44.78,0
55,Two Year,Female,Bank Withdrawal,0,116,69,27,38.52,0
55,Month-to-Month,Female,Credit Card,0,20.65,7,0,15.54,0
20,One Year,Female,Credit Card,0,94.05,7,42,36.49,0
56,Month-to-Month,Female,Credit Card,0,50.65,39,6,0,0
70,Month-to-Month,Male,Bank Withdrawal,1,95.55,27,7,39.49,0
35,Two Year,Female,Credit Card,0,107.45,72,19,17.89,2
42,Two Year,Female,Mailed Check,0,19.9,44,0,13.45,0
35,Month-to-Month,Female,Bank Withdrawal,0,19.05,22,0,46.45,1
23,One Year,Male,Bank Withdrawal,0,100.5,27,73,8.86,0
57,Month-to-Month,Male,Bank Withdrawal,1,100.2,4,10,28.22,0
56,Month-to-Month,Male,Bank Withdrawal,0,20.4,13,0,46.92,0
42,Two Year,Female,Credit Card,0,23.05,52,0,19.21,2
30,Month-to-Month,Female,Credit Card,0,79.95,16,69,49.85,2
44,Month-to-Month,Male,Bank Withdrawal,1,49.4,4,16,9.77,2
26,Month-to-Month,Female,Bank Withdrawal,0,115.65,45,30,33.73,0
70,Month-to-Month,Male,Bank Withdrawal,1,97.8,51,11,19.49,0
62,Month-to-Month,Male,Credit Card,0,96.75,35,23,39.87,0
20,Month-to-Month,Female,Bank Withdrawal,1,50.8,1,27,22.82,0
21,Two Year,Male,Credit Card,0,75.35,61,52,28.8,0
34,One Year,Female,Bank Withdrawal,0,74.25,66,17,37.84,1
31,Month-to-Month,Male,Bank Withdrawal,0,86.2,11,10,5.84,2
52,One Year,Female,Credit Card,0,61.25,34,20,0,1
37,Month-to-Month,Male,Bank Withdrawal,1,24.95,5,7,0,0
43,Month-to-Month,Male,Credit Card,0,54.8,9,24,44.46,2
20,Two Year,Male,Bank Withdrawal,0,109.65,72,73,6.89,0
69,One Year,Female,Bank Withdrawal,0,101.1,41,9,14.61,0
41,Month-to-Month,Female,Bank Withdrawal,1,90.6,1,22,31.68,0
54,Month-to-Month,Male,Mailed Check,0,69.6,19,4,13.76,0
42,Month-to-Month,Male,Bank Withdrawal,1,90.05,4,11,12.24,0
68,Month-to-Month,Female,Bank Withdrawal,1,91.3,1,2,43.61,0
61,Month-to-Month,Female,Bank Withdrawal,0,62.1,35,7,2.15,0
56,Two Year,Male,Credit Card,0,63.25,52,10,46.24,0
71,One Year,Male,Mailed Check,0,93.95,32,23,31.86,1
73,Month-to-Month,Female,Bank Withdrawal,1,69.25,1,8,37.3,0
50,Month-to-Month,Female,Mailed Check,1,69.25,6,5,39.36,0
26,One Year,Female,Bank Withdrawal,0,20.2,8,0,5.27,0
49,One Year,Female,Bank Withdrawal,0,79.2,21,20,14.51,0
71,Two Year,Male,Mailed Check,0,49.95,2,9,37.97,0
26,Two Year,Female,Bank Withdrawal,0,115.6,72,59,34.69,3
34,Two Year,Female,Bank Withdrawal,0,109.55,72,2,44.2,0
22,Two Year,Male,Credit Card,0,86.05,72,71,48.36,0
58,Month-to-Month,Female,Bank Withdrawal,1,50.8,60,5,0,0
77,Month-to-Month,Female,Bank Withdrawal,1,41.9,21,8,0,0
52,Month-to-Month,Male,Bank Withdrawal,0,94.4,42,11,41.16,0
53,Two Year,Male,Credit Card,0,114.45,72,8,6.29,0
56,One Year,Female,Credit Card,0,81.2,63,27,38.85,0
75,Two Year,Male,Bank Withdrawal,0,116.05,72,13,21.37,0
47,Month-to-Month,Female,Credit Card,1,104.5,57,25,40.13,0
76,One Year,Female,Bank Withdrawal,0,39.1,28,21,0,3
27,Month-to-Month,Male,Bank Withdrawal,0,80.1,4,82,44.16,0
22,Month-to-Month,Male,Credit Card,0,20.3,1,0,29.19,0
38,Two Year,Male,Bank Withdrawal,0,60.95,72,15,0,0
19,Two Year,Male,Credit Card,0,19.1,69,0,42.49,0
70,Month-to-Month,Male,Bank Withdrawal,0,90,23,20,31.53,0
31,Month-to-Month,Female,Bank Withdrawal,0,45.4,2,13,10.81,0
37,One Year,Male,Mailed Check,0,25.1,6,0,47.29,0
43,Month-to-Month,Male,Bank Withdrawal,1,55.65,24,5,8.99,0
63,Month-to-Month,Female,Credit Card,1,75.1,3,10,26.52,0
46,Month-to-Month,Male,Bank Withdrawal,0,84.1,21,9,49.05,0
41,Month-to-Month,Male,Credit Card,0,74.45,3,5,34.8,0
54,One Year,Female,Bank Withdrawal,0,109.8,56,21,37.76,0
30,Month-to-Month,Female,Credit Card,1,80.1,3,58,40.67,0
53,Month-to-Month,Male,Bank Withdrawal,0,88.75,22,56,11.39,3
38,Two Year,Male,Bank Withdrawal,0,103.2,56,19,42.16,1
64,Month-to-Month,Female,Bank Withdrawal,0,75.6,8,17,11.2,0
27,Month-to-Month,Male,Credit Card,0,61,35,30,25.32,0
35,Month-to-Month,Male,Bank Withdrawal,0,83.05,22,16,11.46,0
60,One Year,Female,Credit Card,0,19.6,38,0,36.72,2
43,Month-to-Month,Female,Mailed Check,1,55.1,3,16,26.04,2
70,Month-to-Month,Female,Bank Withdrawal,1,98.9,31,21,47.95,0
58,One Year,Female,Bank Withdrawal,0,24.6,24,0,42.66,0
40,Month-to-Month,Female,Credit Card,0,53.45,13,27,25.33,1
21,Month-to-Month,Female,Bank Withdrawal,1,50.15,16,53,14.26,0
20,Month-to-Month,Female,Credit Card,1,89.65,19,47,21.71,0
78,Month-to-Month,Female,Bank Withdrawal,1,95,11,29,11.59,1
21,Month-to-Month,Male,Bank Withdrawal,0,89.55,24,59,27.91,0
47,Month-to-Month,Female,Mailed Check,0,71.1,1,10,37.51,0
73,One Year,Male,Bank Withdrawal,0,34.55,10,53,0,3
53,Month-to-Month,Female,Bank Withdrawal,0,75.3,3,20,38.99,0
27,Month-to-Month,Female,Bank Withdrawal,0,59.8,61,30,26.7,1
31,Month-to-Month,Female,Credit Card,1,24.1,17,0,18.26,2
50,One Year,Female,Bank Withdrawal,0,108.5,72,16,38.44,0
54,One Year,Male,Bank Withdrawal,0,78.95,26,75,24.17,3
23,Month-to-Month,Male,Bank Withdrawal,1,43.3,3,41,48.84,0
26,Month-to-Month,Female,Credit Card,0,80.3,4,51,38.74,0
43,Month-to-Month,Female,Bank Withdrawal,0,60,8,24,46.78,0
61,Two Year,Male,Credit Card,0,20,66,0,7.83,1
40,Month-to-Month,Female,Bank Withdrawal,0,86.25,16,28,22.3,0
61,Month-to-Month,Male,Bank Withdrawal,1,84.85,6,12,39.32,0
60,Two Year,Male,Credit Card,0,53.85,39,16,5.4,0
21,Month-to-Month,Female,Credit Card,0,24.85,19,85,0,1
63,Month-to-Month,Male,Credit Card,0,69.7,7,51,5.17,3
73,One Year,Female,Bank Withdrawal,0,83.25,4,14,14.34,0
28,Month-to-Month,Male,Bank Withdrawal,0,97.7,34,52,42.74,2
65,Month-to-Month,Male,Credit Card,1,70.85,1,13,49.6,0
36,Two Year,Male,Credit Card,0,20.4,44,0,1.4,0
68,Month-to-Month,Male,Bank Withdrawal,0,89.1,62,3,4.76,0
28,One Year,Female,Credit Card,0,78.35,41,26,18.84,0
43,Month-to-Month,Female,Bank Withdrawal,0,49.6,19,17,7.42,1
33,Month-to-Month,Female,Bank Withdrawal,0,100.55,29,12,10.67,0
36,Two Year,Female,Bank Withdrawal,0,95.8,59,30,30.44,0
57,Two Year,Female,Credit Card,0,86.45,61,24,4.51,0
35,Two Year,Male,Mailed Check,0,55.65,30,24,47.06,0
54,Two Year,Female,Bank Withdrawal,0,110.15,72,24,12.85,0
